<?xml version="1.0" encoding="utf-8"?>
<parameters version="1.5" xsi:schemaLocation="http://www.wldelft.nl/fews/PI pi_modelparameters.xsd" xmlns:xsi="http://www.w3.org/2001/XMLSchema-instance" xmlns="http://www.wldelft.nl/fews/PI">
  <group id="default">
    <parameter id="OPERATION_CONTENTS">
      <stringValue>  WHRQ9GL  RAIM    6  WHRQ9GL  GOUT  WHRQ9FAI AFAI
   -10.0  0.32  0.85  0.08  0.25
     0.3     0.0
</stringValue>
    </parameter>
    <parameter id="CG1_PARAMETER">
      <dblValue>-10.0</dblValue>
    </parameter>
    <parameter id="GLACIER_STORAGE">
      <dblValue>0.3</dblValue>
    </parameter>
    <parameter id="ANTECEDENT_FLOW_ID">
      <stringValue>WHRQ9FAI</stringValue>
    </parameter>
    <parameter id="INITIAL_AFI_DECAY_PARAMETER">
      <dblValue>0.0</dblValue>
    </parameter>
    <parameter id="TS_OUTPUT_TIME_STEP">
      <intValue>6</intValue>
    </parameter>
    <parameter id="TS_OUTPUT_TYPE">
      <stringValue>GOUT</stringValue>
    </parameter>
    <parameter id="KG2_PARAMETER">
      <dblValue>0.25</dblValue>
    </parameter>
    <parameter id="CG2_PARAMETER">
      <dblValue>0.32</dblValue>
    </parameter>
    <parameter id="TS_ID">
      <stringValue>WHRQ9GL</stringValue>
    </parameter>
    <parameter id="KG1_PARAMETER">
      <dblValue>0.08</dblValue>
    </parameter>
    <parameter id="TS_TYPE">
      <stringValue>RAIM</stringValue>
    </parameter>
    <parameter id="ANTECEDENT_FLOW_TYPE">
      <stringValue>AFAI</stringValue>
    </parameter>
    <parameter id="TS_OUTPUT_ID">
      <stringValue>WHRQ9GL</stringValue>
    </parameter>
    <parameter id="AFI_DECAY_PARAMETER">
      <dblValue>0.85</dblValue>
    </parameter>
  </group>
</parameters>