<?xml version="1.0" encoding="utf-8"?>
<parameters version="1.5" xsi:schemaLocation="http://www.wldelft.nl/fews/PI pi_modelparameters.xsd" xmlns:xsi="http://www.w3.org/2001/XMLSchema-instance" xmlns="http://www.wldelft.nl/fews/PI">
  <group id="default">
    <parameter id="OPERATION_CONTENTS">
      <stringValue>  SKGA2GL  RAIM    6  SKGA2GL  GOUT  SKGA2FAI AFAI
   -11.0  0.06  0.65  0.12  0.30
     2.2     0.0
</stringValue>
    </parameter>
    <parameter id="CG1_PARAMETER">
      <dblValue>-11.0</dblValue>
    </parameter>
    <parameter id="GLACIER_STORAGE">
      <dblValue>2.2</dblValue>
    </parameter>
    <parameter id="ANTECEDENT_FLOW_ID">
      <stringValue>SKGA2FAI</stringValue>
    </parameter>
    <parameter id="INITIAL_AFI_DECAY_PARAMETER">
      <dblValue>0.0</dblValue>
    </parameter>
    <parameter id="TS_OUTPUT_TIME_STEP">
      <intValue>6</intValue>
    </parameter>
    <parameter id="TS_OUTPUT_TYPE">
      <stringValue>GOUT</stringValue>
    </parameter>
    <parameter id="KG2_PARAMETER">
      <dblValue>0.3</dblValue>
    </parameter>
    <parameter id="CG2_PARAMETER">
      <dblValue>0.06</dblValue>
    </parameter>
    <parameter id="TS_ID">
      <stringValue>SKGA2GL</stringValue>
    </parameter>
    <parameter id="KG1_PARAMETER">
      <dblValue>0.12</dblValue>
    </parameter>
    <parameter id="TS_TYPE">
      <stringValue>RAIM</stringValue>
    </parameter>
    <parameter id="ANTECEDENT_FLOW_TYPE">
      <stringValue>AFAI</stringValue>
    </parameter>
    <parameter id="TS_OUTPUT_ID">
      <stringValue>SKGA2GL</stringValue>
    </parameter>
    <parameter id="AFI_DECAY_PARAMETER">
      <dblValue>0.65</dblValue>
    </parameter>
  </group>
</parameters>