<?xml version="1.0" encoding="utf-8"?>
<parameters version="1.5" xsi:schemaLocation="http://www.wldelft.nl/fews/PI pi_modelparameters.xsd" xmlns:xsi="http://www.w3.org/2001/XMLSchema-instance" xmlns="http://www.wldelft.nl/fews/PI">
  <group id="default">
    <parameter id="OPERATION_CONTENTS">
      <stringValue>SALA2    QINE  6 SALA2RTD SQIN  6     3     3 ENGL 0.00       0.0
           8.000           0.000           8.000       15000.001 X
           3.000       25000.000
           5.000        2500.000          10.000       10000.001 X
           8.000       25000.000
           3
         287.519           2.000         287.157           8.000 X
           0.000           0.000
         287.640         287.943        1439.682
</stringValue>
    </parameter>
    <parameter id="QT_PAIRS">
      <table>
        <columnTypes A="double"/>
        <row A="287.519"/>
        <row A="2.0"/>
        <row A="287.157"/>
        <row A="8.0"/>
        <row A="0.0"/>
        <row A="0.0"/>
      </table>
    </parameter>
    <parameter id="PAIR_QT_LAG_CARRYOVER">
      <intValue>3</intValue>
    </parameter>
    <parameter id="CURRENT_OUTFLOW">
      <dblValue>287.943</dblValue>
    </parameter>
    <parameter id="CURRENT_STORAGE">
      <dblValue>1439.682</dblValue>
    </parameter>
    <parameter id="JK">
      <intValue>3</intValue>
    </parameter>
    <parameter id="DTA">
      <stringValue>QINE</stringValue>
    </parameter>
    <parameter id="CURRENT_LAGGED_INFLOW">
      <dblValue>287.64</dblValue>
    </parameter>
    <parameter id="DTB">
      <stringValue>SQIN</stringValue>
    </parameter>
    <parameter id="QBNTL">
      <dblValue>0.0</dblValue>
    </parameter>
    <parameter id="METENG">
      <stringValue>ENGL</stringValue>
    </parameter>
    <parameter id="TSIDA">
      <stringValue>SALA2</stringValue>
    </parameter>
    <parameter id="ITB">
      <intValue>6</intValue>
    </parameter>
    <parameter id="ITA">
      <intValue>6</intValue>
    </parameter>
    <parameter id="TLRC">
      <dblValue>0.0</dblValue>
    </parameter>
    <parameter id="TSIDB">
      <stringValue>SALA2RTD</stringValue>
    </parameter>
    <parameter id="LAGQ_PAIRS">
      <table>
        <columnTypes A="double"/>
        <row A="8.0"/>
        <row A="0.0"/>
        <row A="8.0"/>
        <row A="15000.001"/>
        <row A="3.0"/>
        <row A="25000.0"/>
      </table>
    </parameter>
    <parameter id="KQ_PAIRS">
      <table>
        <columnTypes A="double"/>
        <row A="5.0"/>
        <row A="2500.0"/>
        <row A="10.0"/>
        <row A="10000.001"/>
        <row A="8.0"/>
        <row A="25000.0"/>
      </table>
    </parameter>
    <parameter id="JLAG">
      <intValue>3</intValue>
    </parameter>
  </group>
</parameters>