<?xml version="1.0" encoding="utf-8"?>
<parameters version="1.5" xsi:schemaLocation="http://www.wldelft.nl/fews/PI pi_modelparameters.xsd" xmlns:xsi="http://www.w3.org/2001/XMLSchema-instance" xmlns="http://www.wldelft.nl/fews/PI">
  <group id="default">
    <parameter id="OPERATION_CONTENTS">
      <stringValue>ROUTE ENN TO MHSA2    ENNA2    QINE    6  ENNA2MSK SQIN    6  6.0.0000 1
 1232.9005 1289.2288
</stringValue>
    </parameter>
    <parameter id="X_PARAMETER">
      <dblValue>0.0</dblValue>
    </parameter>
    <parameter id="INITIAL_OUTFLOW">
      <dblValue>1289.2288</dblValue>
    </parameter>
    <parameter id="K_PARAMETER">
      <dblValue>6.0</dblValue>
    </parameter>
    <parameter id="GENERAL_INFO">
      <stringValue>ROUTE ENN TO MHSA2</stringValue>
    </parameter>
    <parameter id="CARRYOVER_FLAG">
      <intValue>1</intValue>
    </parameter>
    <parameter id="TS_INFLOW_TYPE">
      <stringValue>QINE</stringValue>
    </parameter>
    <parameter id="TS_OUTFLOW_TIMESTEP">
      <intValue>6</intValue>
    </parameter>
    <parameter id="TS_INFLOW_ID">
      <stringValue>ENNA2</stringValue>
    </parameter>
    <parameter id="TS_OUTFLOW_ID">
      <stringValue>ENNA2MSK</stringValue>
    </parameter>
    <parameter id="TS_INFLOW_TIMESTEP">
      <intValue>6</intValue>
    </parameter>
    <parameter id="TS_OUTFLOW_TYPE">
      <stringValue>SQIN</stringValue>
    </parameter>
    <parameter id="INITIAL_INFLOW">
      <dblValue>1232.9005</dblValue>
    </parameter>
  </group>
</parameters>