<?xml version="1.0" encoding="utf-8"?>
<parameters version="1.5" xsi:schemaLocation="http://www.wldelft.nl/fews/PI pi_modelparameters.xsd" xmlns:xsi="http://www.w3.org/2001/XMLSchema-instance" xmlns="http://www.wldelft.nl/fews/PI">
  <group id="default">
    <parameter id="OPERATION_CONTENTS">
      <stringValue>ALLA2    QINE  6 ALLA2RTD SQIN  6     5     5 ENGL 0.00       0.0
          21.000           0.000          21.000      150640.000 X
          39.000      188300.000          38.000      263620.000 X
          27.000      376600.000
          12.000           0.000          12.000      150640.000 X
          24.000      188300.000          23.000      263620.000 X
          12.000      376600.000
           8
        3030.101           3.000        3013.780           9.000 X
        2997.502          15.000        2981.268          21.000 X
           0.000           0.000           0.000           0.000 X
           0.000           0.000           0.000           0.000
        3038.284        3071.198       36853.555
</stringValue>
    </parameter>
    <parameter id="QT_PAIRS">
      <table>
        <columnTypes A="double"/>
        <row A="3030.101"/>
        <row A="3.0"/>
        <row A="3013.78"/>
        <row A="9.0"/>
        <row A="2997.502"/>
        <row A="15.0"/>
        <row A="2981.268"/>
        <row A="21.0"/>
        <row A="0.0"/>
        <row A="0.0"/>
        <row A="0.0"/>
        <row A="0.0"/>
        <row A="0.0"/>
        <row A="0.0"/>
        <row A="0.0"/>
        <row A="0.0"/>
      </table>
    </parameter>
    <parameter id="PAIR_QT_LAG_CARRYOVER">
      <intValue>8</intValue>
    </parameter>
    <parameter id="CURRENT_OUTFLOW">
      <dblValue>3071.198</dblValue>
    </parameter>
    <parameter id="CURRENT_STORAGE">
      <dblValue>36853.555</dblValue>
    </parameter>
    <parameter id="JK">
      <intValue>5</intValue>
    </parameter>
    <parameter id="DTA">
      <stringValue>QINE</stringValue>
    </parameter>
    <parameter id="CURRENT_LAGGED_INFLOW">
      <dblValue>3038.284</dblValue>
    </parameter>
    <parameter id="DTB">
      <stringValue>SQIN</stringValue>
    </parameter>
    <parameter id="QBNTL">
      <dblValue>0.0</dblValue>
    </parameter>
    <parameter id="METENG">
      <stringValue>ENGL</stringValue>
    </parameter>
    <parameter id="TSIDA">
      <stringValue>ALLA2</stringValue>
    </parameter>
    <parameter id="ITB">
      <intValue>6</intValue>
    </parameter>
    <parameter id="ITA">
      <intValue>6</intValue>
    </parameter>
    <parameter id="TLRC">
      <dblValue>0.0</dblValue>
    </parameter>
    <parameter id="TSIDB">
      <stringValue>ALLA2RTD</stringValue>
    </parameter>
    <parameter id="LAGQ_PAIRS">
      <table>
        <columnTypes A="double"/>
        <row A="21.0"/>
        <row A="0.0"/>
        <row A="21.0"/>
        <row A="150640.0"/>
        <row A="39.0"/>
        <row A="188300.0"/>
        <row A="38.0"/>
        <row A="263620.0"/>
        <row A="27.0"/>
        <row A="376600.0"/>
      </table>
    </parameter>
    <parameter id="KQ_PAIRS">
      <table>
        <columnTypes A="double"/>
        <row A="12.0"/>
        <row A="0.0"/>
        <row A="12.0"/>
        <row A="150640.0"/>
        <row A="24.0"/>
        <row A="188300.0"/>
        <row A="23.0"/>
        <row A="263620.0"/>
        <row A="12.0"/>
        <row A="376600.0"/>
      </table>
    </parameter>
    <parameter id="JLAG">
      <intValue>5</intValue>
    </parameter>
  </group>
</parameters>