<?xml version="1.0" encoding="utf-8"?>
<parameters version="1.5" xsi:schemaLocation="http://www.wldelft.nl/fews/PI pi_modelparameters.xsd" xmlns:xsi="http://www.w3.org/2001/XMLSchema-instance" xmlns="http://www.wldelft.nl/fews/PI">
  <group id="default">
    <parameter id="OPERATION_CONTENTS">
      <stringValue>JONA2    SQIN  6 JONA2RTD SQIN  6     6     0 ENGL 0.00       0.0
          12.000           0.000          20.000       27610.000 X
          36.000       41415.000          48.000       55220.000 X
          48.000       69025.000          36.000       82830.000
          12.000
          10
         171.152           0.050         170.072           6.049 X
         168.999          12.049           0.000           0.000 X
           0.000           0.000           0.000           0.000 X
           0.000           0.000           0.000           0.000 X
           0.000           0.000           0.000           0.000
         171.161         173.355        2080.217
</stringValue>
    </parameter>
    <parameter id="QT_PAIRS">
      <table>
        <columnTypes A="double"/>
        <row A="171.152"/>
        <row A="0.05"/>
        <row A="170.072"/>
        <row A="6.049"/>
        <row A="168.999"/>
        <row A="12.049"/>
        <row A="0.0"/>
        <row A="0.0"/>
        <row A="0.0"/>
        <row A="0.0"/>
        <row A="0.0"/>
        <row A="0.0"/>
        <row A="0.0"/>
        <row A="0.0"/>
        <row A="0.0"/>
        <row A="0.0"/>
        <row A="0.0"/>
        <row A="0.0"/>
        <row A="0.0"/>
        <row A="0.0"/>
      </table>
    </parameter>
    <parameter id="PAIR_QT_LAG_CARRYOVER">
      <intValue>10</intValue>
    </parameter>
    <parameter id="CURRENT_OUTFLOW">
      <dblValue>173.355</dblValue>
    </parameter>
    <parameter id="CURRENT_STORAGE">
      <dblValue>2080.217</dblValue>
    </parameter>
    <parameter id="JK">
      <intValue>0</intValue>
    </parameter>
    <parameter id="DTA">
      <stringValue>SQIN</stringValue>
    </parameter>
    <parameter id="CURRENT_LAGGED_INFLOW">
      <dblValue>171.161</dblValue>
    </parameter>
    <parameter id="DTB">
      <stringValue>SQIN</stringValue>
    </parameter>
    <parameter id="SETK">
      <dblValue>12.0</dblValue>
    </parameter>
    <parameter id="QBNTL">
      <dblValue>0.0</dblValue>
    </parameter>
    <parameter id="METENG">
      <stringValue>ENGL</stringValue>
    </parameter>
    <parameter id="TSIDA">
      <stringValue>JONA2</stringValue>
    </parameter>
    <parameter id="ITB">
      <intValue>6</intValue>
    </parameter>
    <parameter id="ITA">
      <intValue>6</intValue>
    </parameter>
    <parameter id="TLRC">
      <dblValue>0.0</dblValue>
    </parameter>
    <parameter id="TSIDB">
      <stringValue>JONA2RTD</stringValue>
    </parameter>
    <parameter id="LAGQ_PAIRS">
      <table>
        <columnTypes A="double"/>
        <row A="12.0"/>
        <row A="0.0"/>
        <row A="20.0"/>
        <row A="27610.0"/>
        <row A="36.0"/>
        <row A="41415.0"/>
        <row A="48.0"/>
        <row A="55220.0"/>
        <row A="48.0"/>
        <row A="69025.0"/>
        <row A="36.0"/>
        <row A="82830.0"/>
      </table>
    </parameter>
    <parameter id="KQ_PAIRS">
      <table>
        <columnTypes A="double"/>
        <row A="12.0"/>
      </table>
    </parameter>
    <parameter id="JLAG">
      <intValue>6</intValue>
    </parameter>
  </group>
</parameters>