<?xml version="1.0" encoding="utf-8"?>
<parameters version="1.5" xsi:schemaLocation="http://www.wldelft.nl/fews/PI pi_modelparameters.xsd" xmlns:xsi="http://www.w3.org/2001/XMLSchema-instance" xmlns="http://www.wldelft.nl/fews/PI">
  <group id="default">
    <parameter id="OPERATION_CONTENTS">
      <stringValue>  CRNA2LG  RAIM    6  CRNA2LG  GOUT  CRNA2LGF AFAI
   -12.0  0.02  0.95  0.20  0.50
     0.0     0.0
</stringValue>
    </parameter>
    <parameter id="CG1_PARAMETER">
      <dblValue>-12.0</dblValue>
    </parameter>
    <parameter id="GLACIER_STORAGE">
      <dblValue>0.0</dblValue>
    </parameter>
    <parameter id="ANTECEDENT_FLOW_ID">
      <stringValue>CRNA2LGF</stringValue>
    </parameter>
    <parameter id="INITIAL_AFI_DECAY_PARAMETER">
      <dblValue>0.0</dblValue>
    </parameter>
    <parameter id="TS_OUTPUT_TIME_STEP">
      <intValue>6</intValue>
    </parameter>
    <parameter id="TS_OUTPUT_TYPE">
      <stringValue>GOUT</stringValue>
    </parameter>
    <parameter id="KG2_PARAMETER">
      <dblValue>0.5</dblValue>
    </parameter>
    <parameter id="CG2_PARAMETER">
      <dblValue>0.02</dblValue>
    </parameter>
    <parameter id="TS_ID">
      <stringValue>CRNA2LG</stringValue>
    </parameter>
    <parameter id="KG1_PARAMETER">
      <dblValue>0.2</dblValue>
    </parameter>
    <parameter id="TS_TYPE">
      <stringValue>RAIM</stringValue>
    </parameter>
    <parameter id="ANTECEDENT_FLOW_TYPE">
      <stringValue>AFAI</stringValue>
    </parameter>
    <parameter id="TS_OUTPUT_ID">
      <stringValue>CRNA2LG</stringValue>
    </parameter>
    <parameter id="AFI_DECAY_PARAMETER">
      <dblValue>0.95</dblValue>
    </parameter>
  </group>
</parameters>