<?xml version="1.0" encoding="utf-8"?>
<parameters version="1.5" xsi:schemaLocation="http://www.wldelft.nl/fews/PI pi_modelparameters.xsd" xmlns:xsi="http://www.w3.org/2001/XMLSchema-instance" xmlns="http://www.wldelft.nl/fews/PI">
  <group id="default">
    <parameter id="OPERATION_CONTENTS">
      <stringValue>ALSQ9    QINE  6 ALSQ9RTD SQIN  6     0     0 ENGL 0.00       0.0
          12.000
          14.000
           4
        2572.445           6.000        2483.122          12.000 X
           0.000           0.000           0.000           0.000
        2572.445        2607.062       36498.063
</stringValue>
    </parameter>
    <parameter id="QT_PAIRS">
      <table>
        <columnTypes A="double"/>
        <row A="2572.445"/>
        <row A="6.0"/>
        <row A="2483.122"/>
        <row A="12.0"/>
        <row A="0.0"/>
        <row A="0.0"/>
        <row A="0.0"/>
        <row A="0.0"/>
      </table>
    </parameter>
    <parameter id="PAIR_QT_LAG_CARRYOVER">
      <intValue>4</intValue>
    </parameter>
    <parameter id="CURRENT_OUTFLOW">
      <dblValue>2607.062</dblValue>
    </parameter>
    <parameter id="CURRENT_STORAGE">
      <dblValue>36498.063</dblValue>
    </parameter>
    <parameter id="SETLAG">
      <dblValue>12.0</dblValue>
    </parameter>
    <parameter id="JK">
      <intValue>0</intValue>
    </parameter>
    <parameter id="DTA">
      <stringValue>QINE</stringValue>
    </parameter>
    <parameter id="CURRENT_LAGGED_INFLOW">
      <dblValue>2572.445</dblValue>
    </parameter>
    <parameter id="DTB">
      <stringValue>SQIN</stringValue>
    </parameter>
    <parameter id="SETK">
      <dblValue>14.0</dblValue>
    </parameter>
    <parameter id="QBNTL">
      <dblValue>0.0</dblValue>
    </parameter>
    <parameter id="METENG">
      <stringValue>ENGL</stringValue>
    </parameter>
    <parameter id="TSIDA">
      <stringValue>ALSQ9</stringValue>
    </parameter>
    <parameter id="ITB">
      <intValue>6</intValue>
    </parameter>
    <parameter id="ITA">
      <intValue>6</intValue>
    </parameter>
    <parameter id="TLRC">
      <dblValue>0.0</dblValue>
    </parameter>
    <parameter id="TSIDB">
      <stringValue>ALSQ9RTD</stringValue>
    </parameter>
    <parameter id="LAGQ_PAIRS">
      <table>
        <columnTypes A="double"/>
        <row A="12.0"/>
      </table>
    </parameter>
    <parameter id="KQ_PAIRS">
      <table>
        <columnTypes A="double"/>
        <row A="14.0"/>
      </table>
    </parameter>
    <parameter id="JLAG">
      <intValue>0</intValue>
    </parameter>
  </group>
</parameters>