<?xml version="1.0" encoding="utf-8"?>
<parameters version="1.5" xsi:schemaLocation="http://www.wldelft.nl/fews/PI pi_modelparameters.xsd" xmlns:xsi="http://www.w3.org/2001/XMLSchema-instance" xmlns="http://www.wldelft.nl/fews/PI">
  <group id="default">
    <parameter id="OPERATION_CONTENTS">
      <stringValue>KRHA2LOC SQIN  6 KRHA2RTD SQIN  6     5     5 ENGL 0.00       0.0
           0.000           0.000           0.000       12800.000 X
          18.000       16000.000          17.000       22400.000 X
           6.000       32000.000
          12.000           0.000          12.000       12800.000 X
          24.000       16000.000          23.000       22400.000 X
          12.000       32000.000
           5
           0.000           0.000           0.000           0.000 X
           0.000           0.000           0.000           0.000 X
           0.000           0.000
         161.547         163.618        1963.375
</stringValue>
    </parameter>
    <parameter id="QT_PAIRS">
      <table>
        <columnTypes A="double"/>
        <row A="0.0"/>
        <row A="0.0"/>
        <row A="0.0"/>
        <row A="0.0"/>
        <row A="0.0"/>
        <row A="0.0"/>
        <row A="0.0"/>
        <row A="0.0"/>
        <row A="0.0"/>
        <row A="0.0"/>
      </table>
    </parameter>
    <parameter id="PAIR_QT_LAG_CARRYOVER">
      <intValue>5</intValue>
    </parameter>
    <parameter id="CURRENT_OUTFLOW">
      <dblValue>163.618</dblValue>
    </parameter>
    <parameter id="CURRENT_STORAGE">
      <dblValue>1963.375</dblValue>
    </parameter>
    <parameter id="JK">
      <intValue>5</intValue>
    </parameter>
    <parameter id="DTA">
      <stringValue>SQIN</stringValue>
    </parameter>
    <parameter id="CURRENT_LAGGED_INFLOW">
      <dblValue>161.547</dblValue>
    </parameter>
    <parameter id="DTB">
      <stringValue>SQIN</stringValue>
    </parameter>
    <parameter id="QBNTL">
      <dblValue>0.0</dblValue>
    </parameter>
    <parameter id="METENG">
      <stringValue>ENGL</stringValue>
    </parameter>
    <parameter id="TSIDA">
      <stringValue>KRHA2LOC</stringValue>
    </parameter>
    <parameter id="ITB">
      <intValue>6</intValue>
    </parameter>
    <parameter id="ITA">
      <intValue>6</intValue>
    </parameter>
    <parameter id="TLRC">
      <dblValue>0.0</dblValue>
    </parameter>
    <parameter id="TSIDB">
      <stringValue>KRHA2RTD</stringValue>
    </parameter>
    <parameter id="LAGQ_PAIRS">
      <table>
        <columnTypes A="double"/>
        <row A="0.0"/>
        <row A="0.0"/>
        <row A="0.0"/>
        <row A="12800.0"/>
        <row A="18.0"/>
        <row A="16000.0"/>
        <row A="17.0"/>
        <row A="22400.0"/>
        <row A="6.0"/>
        <row A="32000.0"/>
      </table>
    </parameter>
    <parameter id="KQ_PAIRS">
      <table>
        <columnTypes A="double"/>
        <row A="12.0"/>
        <row A="0.0"/>
        <row A="12.0"/>
        <row A="12800.0"/>
        <row A="24.0"/>
        <row A="16000.0"/>
        <row A="23.0"/>
        <row A="22400.0"/>
        <row A="12.0"/>
        <row A="32000.0"/>
      </table>
    </parameter>
    <parameter id="JLAG">
      <intValue>5</intValue>
    </parameter>
  </group>
</parameters>