<?xml version="1.0" encoding="utf-8"?>
<parameters version="1.5" xsi:schemaLocation="http://www.wldelft.nl/fews/PI pi_modelparameters.xsd" xmlns:xsi="http://www.w3.org/2001/XMLSchema-instance" xmlns="http://www.wldelft.nl/fews/PI">
  <group id="default">
    <parameter id="OPERATION_CONTENTS">
      <stringValue>FMKA2    QINE  6 FMKA2RTD SQIN  6     5     0 ENGL 0.00       0.0
          20.000           0.000          20.000          50.000 X
          14.000        1000.000          10.000        2000.000 X
           6.000        5000.000
           6.000
           5
          86.264           1.771          85.985           7.773 X
          85.709          13.774          85.435          19.776 X
           0.000           0.000
          86.347          86.630         519.767
</stringValue>
    </parameter>
    <parameter id="QT_PAIRS">
      <table>
        <columnTypes A="double"/>
        <row A="86.264"/>
        <row A="1.771"/>
        <row A="85.985"/>
        <row A="7.773"/>
        <row A="85.709"/>
        <row A="13.774"/>
        <row A="85.435"/>
        <row A="19.776"/>
        <row A="0.0"/>
        <row A="0.0"/>
      </table>
    </parameter>
    <parameter id="PAIR_QT_LAG_CARRYOVER">
      <intValue>5</intValue>
    </parameter>
    <parameter id="CURRENT_OUTFLOW">
      <dblValue>86.63</dblValue>
    </parameter>
    <parameter id="CURRENT_STORAGE">
      <dblValue>519.767</dblValue>
    </parameter>
    <parameter id="JK">
      <intValue>0</intValue>
    </parameter>
    <parameter id="DTA">
      <stringValue>QINE</stringValue>
    </parameter>
    <parameter id="CURRENT_LAGGED_INFLOW">
      <dblValue>86.347</dblValue>
    </parameter>
    <parameter id="DTB">
      <stringValue>SQIN</stringValue>
    </parameter>
    <parameter id="SETK">
      <dblValue>6.0</dblValue>
    </parameter>
    <parameter id="QBNTL">
      <dblValue>0.0</dblValue>
    </parameter>
    <parameter id="METENG">
      <stringValue>ENGL</stringValue>
    </parameter>
    <parameter id="TSIDA">
      <stringValue>FMKA2</stringValue>
    </parameter>
    <parameter id="ITB">
      <intValue>6</intValue>
    </parameter>
    <parameter id="ITA">
      <intValue>6</intValue>
    </parameter>
    <parameter id="TLRC">
      <dblValue>0.0</dblValue>
    </parameter>
    <parameter id="TSIDB">
      <stringValue>FMKA2RTD</stringValue>
    </parameter>
    <parameter id="LAGQ_PAIRS">
      <table>
        <columnTypes A="double"/>
        <row A="20.0"/>
        <row A="0.0"/>
        <row A="20.0"/>
        <row A="50.0"/>
        <row A="14.0"/>
        <row A="1000.0"/>
        <row A="10.0"/>
        <row A="2000.0"/>
        <row A="6.0"/>
        <row A="5000.0"/>
      </table>
    </parameter>
    <parameter id="KQ_PAIRS">
      <table>
        <columnTypes A="double"/>
        <row A="6.0"/>
      </table>
    </parameter>
    <parameter id="JLAG">
      <intValue>5</intValue>
    </parameter>
  </group>
</parameters>