<?xml version="1.0" encoding="utf-8"?>
<parameters version="1.5" xsi:schemaLocation="http://www.wldelft.nl/fews/PI pi_modelparameters.xsd" xmlns:xsi="http://www.w3.org/2001/XMLSchema-instance" xmlns="http://www.wldelft.nl/fews/PI">
  <group id="default">
    <parameter id="OPERATION_CONTENTS">
      <stringValue>NUYAKUK RT TO EKWOK   NRDA2    QINE    6  NRDA2RTD SQIN    6 25.0.1150 1
  112.3008  112.8598
</stringValue>
    </parameter>
    <parameter id="X_PARAMETER">
      <dblValue>0.115</dblValue>
    </parameter>
    <parameter id="INITIAL_OUTFLOW">
      <dblValue>112.8598</dblValue>
    </parameter>
    <parameter id="K_PARAMETER">
      <dblValue>25.0</dblValue>
    </parameter>
    <parameter id="GENERAL_INFO">
      <stringValue>NUYAKUK RT TO EKWOK</stringValue>
    </parameter>
    <parameter id="CARRYOVER_FLAG">
      <intValue>1</intValue>
    </parameter>
    <parameter id="TS_INFLOW_TYPE">
      <stringValue>QINE</stringValue>
    </parameter>
    <parameter id="TS_OUTFLOW_TIMESTEP">
      <intValue>6</intValue>
    </parameter>
    <parameter id="TS_INFLOW_ID">
      <stringValue>NRDA2</stringValue>
    </parameter>
    <parameter id="TS_OUTFLOW_ID">
      <stringValue>NRDA2RTD</stringValue>
    </parameter>
    <parameter id="TS_INFLOW_TIMESTEP">
      <intValue>6</intValue>
    </parameter>
    <parameter id="TS_OUTFLOW_TYPE">
      <stringValue>SQIN</stringValue>
    </parameter>
    <parameter id="INITIAL_INFLOW">
      <dblValue>112.3008</dblValue>
    </parameter>
  </group>
</parameters>