<?xml version="1.0" encoding="utf-8"?>
<parameters version="1.5" xsi:schemaLocation="http://www.wldelft.nl/fews/PI pi_modelparameters.xsd" xmlns:xsi="http://www.w3.org/2001/XMLSchema-instance" xmlns="http://www.wldelft.nl/fews/PI">
  <group id="default">
    <parameter id="OPERATION_CONTENTS">
      <stringValue>SPILL RTD TO TAF      MCDTOTAF QINE    6  TAFA2SPL SQIN    6 16.0.0000 1
    0.0000    0.0000
</stringValue>
    </parameter>
    <parameter id="X_PARAMETER">
      <dblValue>0.0</dblValue>
    </parameter>
    <parameter id="INITIAL_OUTFLOW">
      <dblValue>0.0</dblValue>
    </parameter>
    <parameter id="K_PARAMETER">
      <dblValue>16.0</dblValue>
    </parameter>
    <parameter id="GENERAL_INFO">
      <stringValue>SPILL RTD TO TAF</stringValue>
    </parameter>
    <parameter id="CARRYOVER_FLAG">
      <intValue>1</intValue>
    </parameter>
    <parameter id="TS_INFLOW_TYPE">
      <stringValue>QINE</stringValue>
    </parameter>
    <parameter id="TS_OUTFLOW_TIMESTEP">
      <intValue>6</intValue>
    </parameter>
    <parameter id="TS_INFLOW_ID">
      <stringValue>MCDTOTAF</stringValue>
    </parameter>
    <parameter id="TS_OUTFLOW_ID">
      <stringValue>TAFA2SPL</stringValue>
    </parameter>
    <parameter id="TS_INFLOW_TIMESTEP">
      <intValue>6</intValue>
    </parameter>
    <parameter id="TS_OUTFLOW_TYPE">
      <stringValue>SQIN</stringValue>
    </parameter>
    <parameter id="INITIAL_INFLOW">
      <dblValue>0.0</dblValue>
    </parameter>
  </group>
</parameters>