<?xml version="1.0" encoding="utf-8"?>
<parameters version="1.5" xsi:schemaLocation="http://www.wldelft.nl/fews/PI pi_modelparameters.xsd" xmlns:xsi="http://www.w3.org/2001/XMLSchema-instance" xmlns="http://www.wldelft.nl/fews/PI">
  <group id="default">
    <parameter id="OPERATION_CONTENTS">
      <stringValue>TANACROSS RT TO BGDA  TSGA2MRG SQIN    6  TSGA2RTD SQIN    6 30.0.1000 1
  317.8463  289.7525
</stringValue>
    </parameter>
    <parameter id="X_PARAMETER">
      <dblValue>0.1</dblValue>
    </parameter>
    <parameter id="INITIAL_OUTFLOW">
      <dblValue>289.7525</dblValue>
    </parameter>
    <parameter id="K_PARAMETER">
      <dblValue>30.0</dblValue>
    </parameter>
    <parameter id="GENERAL_INFO">
      <stringValue>TANACROSS RT TO BGDA</stringValue>
    </parameter>
    <parameter id="CARRYOVER_FLAG">
      <intValue>1</intValue>
    </parameter>
    <parameter id="TS_INFLOW_TYPE">
      <stringValue>SQIN</stringValue>
    </parameter>
    <parameter id="TS_OUTFLOW_TIMESTEP">
      <intValue>6</intValue>
    </parameter>
    <parameter id="TS_INFLOW_ID">
      <stringValue>TSGA2MRG</stringValue>
    </parameter>
    <parameter id="TS_OUTFLOW_ID">
      <stringValue>TSGA2RTD</stringValue>
    </parameter>
    <parameter id="TS_INFLOW_TIMESTEP">
      <intValue>6</intValue>
    </parameter>
    <parameter id="TS_OUTFLOW_TYPE">
      <stringValue>SQIN</stringValue>
    </parameter>
    <parameter id="INITIAL_INFLOW">
      <dblValue>317.8463</dblValue>
    </parameter>
  </group>
</parameters>