<?xml version="1.0" encoding="utf-8"?>
<parameters version="1.5" xsi:schemaLocation="http://www.wldelft.nl/fews/PI pi_modelparameters.xsd" xmlns:xsi="http://www.w3.org/2001/XMLSchema-instance" xmlns="http://www.wldelft.nl/fews/PI">
  <group id="default">
    <parameter id="OPERATION_CONTENTS">
      <stringValue>BTTA2LOC SQIN  6 BTTA2RTD SQIN  6     5     6 ENGL 0.00       0.0
           0.000           0.000           0.000       20730.000 X
          12.000       27640.000          12.000       41460.000 X
           6.000       69100.000
          12.000           0.000          12.000       11056.000 X
          30.000       13820.000          36.000       19348.000 X
          24.000       27640.000          12.000       41453.000
           4
           0.000           0.000           0.000           0.000 X
           0.000           0.000           0.000           0.000
          64.960          65.793         789.497
</stringValue>
    </parameter>
    <parameter id="QT_PAIRS">
      <table>
        <columnTypes A="double"/>
        <row A="0.0"/>
        <row A="0.0"/>
        <row A="0.0"/>
        <row A="0.0"/>
        <row A="0.0"/>
        <row A="0.0"/>
        <row A="0.0"/>
        <row A="0.0"/>
      </table>
    </parameter>
    <parameter id="PAIR_QT_LAG_CARRYOVER">
      <intValue>4</intValue>
    </parameter>
    <parameter id="CURRENT_OUTFLOW">
      <dblValue>65.793</dblValue>
    </parameter>
    <parameter id="CURRENT_STORAGE">
      <dblValue>789.497</dblValue>
    </parameter>
    <parameter id="JK">
      <intValue>6</intValue>
    </parameter>
    <parameter id="DTA">
      <stringValue>SQIN</stringValue>
    </parameter>
    <parameter id="CURRENT_LAGGED_INFLOW">
      <dblValue>64.96</dblValue>
    </parameter>
    <parameter id="DTB">
      <stringValue>SQIN</stringValue>
    </parameter>
    <parameter id="QBNTL">
      <dblValue>0.0</dblValue>
    </parameter>
    <parameter id="METENG">
      <stringValue>ENGL</stringValue>
    </parameter>
    <parameter id="TSIDA">
      <stringValue>BTTA2LOC</stringValue>
    </parameter>
    <parameter id="ITB">
      <intValue>6</intValue>
    </parameter>
    <parameter id="ITA">
      <intValue>6</intValue>
    </parameter>
    <parameter id="TLRC">
      <dblValue>0.0</dblValue>
    </parameter>
    <parameter id="TSIDB">
      <stringValue>BTTA2RTD</stringValue>
    </parameter>
    <parameter id="LAGQ_PAIRS">
      <table>
        <columnTypes A="double"/>
        <row A="0.0"/>
        <row A="0.0"/>
        <row A="0.0"/>
        <row A="20730.0"/>
        <row A="12.0"/>
        <row A="27640.0"/>
        <row A="12.0"/>
        <row A="41460.0"/>
        <row A="6.0"/>
        <row A="69100.0"/>
      </table>
    </parameter>
    <parameter id="KQ_PAIRS">
      <table>
        <columnTypes A="double"/>
        <row A="12.0"/>
        <row A="0.0"/>
        <row A="12.0"/>
        <row A="11056.0"/>
        <row A="30.0"/>
        <row A="13820.0"/>
        <row A="36.0"/>
        <row A="19348.0"/>
        <row A="24.0"/>
        <row A="27640.0"/>
        <row A="12.0"/>
        <row A="41453.0"/>
      </table>
    </parameter>
    <parameter id="JLAG">
      <intValue>5</intValue>
    </parameter>
  </group>
</parameters>