<?xml version="1.0" encoding="utf-8"?>
<parameters version="1.5" xsi:schemaLocation="http://www.wldelft.nl/fews/PI pi_modelparameters.xsd" xmlns:xsi="http://www.w3.org/2001/XMLSchema-instance" xmlns="http://www.wldelft.nl/fews/PI">
  <group id="default">
    <parameter id="OPERATION_CONTENTS">
      <stringValue>FMWA2    QINE  6 FMWA2RTD SQIN  6     5     0 ENGL 0.00       0.0
          20.000           0.000          20.000          50.000 X
          14.000         300.000          10.000        1500.000 X
           6.000        2000.000
           6.000
           5
         220.668           3.904         219.992           9.920 X
         219.322          15.936           0.000           0.000 X
           0.000           0.000
         221.110         221.796        1330.744
</stringValue>
    </parameter>
    <parameter id="QT_PAIRS">
      <table>
        <columnTypes A="double"/>
        <row A="220.668"/>
        <row A="3.904"/>
        <row A="219.992"/>
        <row A="9.92"/>
        <row A="219.322"/>
        <row A="15.936"/>
        <row A="0.0"/>
        <row A="0.0"/>
        <row A="0.0"/>
        <row A="0.0"/>
      </table>
    </parameter>
    <parameter id="PAIR_QT_LAG_CARRYOVER">
      <intValue>5</intValue>
    </parameter>
    <parameter id="CURRENT_OUTFLOW">
      <dblValue>221.796</dblValue>
    </parameter>
    <parameter id="CURRENT_STORAGE">
      <dblValue>1330.744</dblValue>
    </parameter>
    <parameter id="JK">
      <intValue>0</intValue>
    </parameter>
    <parameter id="DTA">
      <stringValue>QINE</stringValue>
    </parameter>
    <parameter id="CURRENT_LAGGED_INFLOW">
      <dblValue>221.11</dblValue>
    </parameter>
    <parameter id="DTB">
      <stringValue>SQIN</stringValue>
    </parameter>
    <parameter id="SETK">
      <dblValue>6.0</dblValue>
    </parameter>
    <parameter id="QBNTL">
      <dblValue>0.0</dblValue>
    </parameter>
    <parameter id="METENG">
      <stringValue>ENGL</stringValue>
    </parameter>
    <parameter id="TSIDA">
      <stringValue>FMWA2</stringValue>
    </parameter>
    <parameter id="ITB">
      <intValue>6</intValue>
    </parameter>
    <parameter id="ITA">
      <intValue>6</intValue>
    </parameter>
    <parameter id="TLRC">
      <dblValue>0.0</dblValue>
    </parameter>
    <parameter id="TSIDB">
      <stringValue>FMWA2RTD</stringValue>
    </parameter>
    <parameter id="LAGQ_PAIRS">
      <table>
        <columnTypes A="double"/>
        <row A="20.0"/>
        <row A="0.0"/>
        <row A="20.0"/>
        <row A="50.0"/>
        <row A="14.0"/>
        <row A="300.0"/>
        <row A="10.0"/>
        <row A="1500.0"/>
        <row A="6.0"/>
        <row A="2000.0"/>
      </table>
    </parameter>
    <parameter id="KQ_PAIRS">
      <table>
        <columnTypes A="double"/>
        <row A="6.0"/>
      </table>
    </parameter>
    <parameter id="JLAG">
      <intValue>5</intValue>
    </parameter>
  </group>
</parameters>