<?xml version="1.0" encoding="utf-8"?>
<parameters version="1.5" xsi:schemaLocation="http://www.wldelft.nl/fews/PI pi_modelparameters.xsd" xmlns:xsi="http://www.w3.org/2001/XMLSchema-instance" xmlns="http://www.wldelft.nl/fews/PI">
  <group id="default">
    <parameter id="OPERATION_CONTENTS">
      <stringValue>RBYA2MRG SQIN  6 RBYA2RTD SQIN  6     2     2 ENGL 0.00       0.0
           6.000      200000.000           4.000      500000.000
           3.000      200000.000          10.000      500000.000
           3
      112667.078           6.000           0.000           0.000 X
           0.000           0.000
      112040.992      111135.758     1111332.875
</stringValue>
    </parameter>
    <parameter id="QT_PAIRS">
      <table>
        <columnTypes A="double"/>
        <row A="112667.078"/>
        <row A="6.0"/>
        <row A="0.0"/>
        <row A="0.0"/>
        <row A="0.0"/>
        <row A="0.0"/>
      </table>
    </parameter>
    <parameter id="PAIR_QT_LAG_CARRYOVER">
      <intValue>3</intValue>
    </parameter>
    <parameter id="CURRENT_OUTFLOW">
      <dblValue>111135.758</dblValue>
    </parameter>
    <parameter id="CURRENT_STORAGE">
      <dblValue>1111332.875</dblValue>
    </parameter>
    <parameter id="JK">
      <intValue>2</intValue>
    </parameter>
    <parameter id="DTA">
      <stringValue>SQIN</stringValue>
    </parameter>
    <parameter id="CURRENT_LAGGED_INFLOW">
      <dblValue>112040.992</dblValue>
    </parameter>
    <parameter id="DTB">
      <stringValue>SQIN</stringValue>
    </parameter>
    <parameter id="QBNTL">
      <dblValue>0.0</dblValue>
    </parameter>
    <parameter id="METENG">
      <stringValue>ENGL</stringValue>
    </parameter>
    <parameter id="TSIDA">
      <stringValue>RBYA2MRG</stringValue>
    </parameter>
    <parameter id="ITB">
      <intValue>6</intValue>
    </parameter>
    <parameter id="ITA">
      <intValue>6</intValue>
    </parameter>
    <parameter id="TLRC">
      <dblValue>0.0</dblValue>
    </parameter>
    <parameter id="TSIDB">
      <stringValue>RBYA2RTD</stringValue>
    </parameter>
    <parameter id="LAGQ_PAIRS">
      <table>
        <columnTypes A="double"/>
        <row A="6.0"/>
        <row A="200000.0"/>
        <row A="4.0"/>
        <row A="500000.0"/>
      </table>
    </parameter>
    <parameter id="KQ_PAIRS">
      <table>
        <columnTypes A="double"/>
        <row A="3.0"/>
        <row A="200000.0"/>
        <row A="10.0"/>
        <row A="500000.0"/>
      </table>
    </parameter>
    <parameter id="JLAG">
      <intValue>2</intValue>
    </parameter>
  </group>
</parameters>