<?xml version="1.0" encoding="utf-8"?>
<parameters version="1.5" xsi:schemaLocation="http://www.wldelft.nl/fews/PI pi_modelparameters.xsd" xmlns:xsi="http://www.w3.org/2001/XMLSchema-instance" xmlns="http://www.wldelft.nl/fews/PI">
  <group id="default">
    <parameter id="OPERATION_CONTENTS">
      <stringValue>  SFKA2RSN RSEL    6 1.00 0.55       SFKA2LWR MAT  343.                0
</stringValue>
    </parameter>
    <parameter id="FREEZING_LEVEL_TS_ID"></parameter>
    <parameter id="ELEVATION_OF_TEMPERATURE_DATA">
      <dblValue>343.0</dblValue>
    </parameter>
    <parameter id="MAT_TS_TYPE">
      <stringValue>MAT</stringValue>
    </parameter>
    <parameter id="RSEL_TS_ID">
      <stringValue>SFKA2RSN</stringValue>
    </parameter>
    <parameter id="CARRYOVER_FLAG">
      <intValue>0</intValue>
    </parameter>
    <parameter id="LAPSE_RATE">
      <dblValue>0.55</dblValue>
    </parameter>
    <parameter id="MAT_TS_ID">
      <stringValue>SFKA2LWR</stringValue>
    </parameter>
    <parameter id="RSEL_TS_TYPE">
      <stringValue>RSEL</stringValue>
    </parameter>
    <parameter id="THRESHOLD_TEMPERATURE">
      <dblValue>1.0</dblValue>
    </parameter>
    <parameter id="RSEL_TS_TIME_STEP">
      <intValue>6</intValue>
    </parameter>
  </group>
</parameters>