<?xml version="1.0" encoding="utf-8"?>
<parameters version="1.5" xsi:schemaLocation="http://www.wldelft.nl/fews/PI pi_modelparameters.xsd" xmlns:xsi="http://www.w3.org/2001/XMLSchema-instance" xmlns="http://www.wldelft.nl/fews/PI">
  <group id="default">
    <parameter id="OPERATION_CONTENTS">
      <stringValue>KNFA2    SQIN  6 KNFA2RTD SQIN  6     5     6 ENGL 0.00       0.0
           6.000           0.000           6.000       33000.000 X
          18.000       44000.000          18.000       66000.000 X
          12.000      110000.000
          12.000           0.000          12.000       17600.000 X
          30.000       22000.000          36.000       30800.000 X
          24.000       44000.000          12.000       66000.000
           5
          42.215           6.000           0.000           0.000 X
           0.000           0.000           0.000           0.000 X
           0.000           0.000
          42.483          43.028         516.325
</stringValue>
    </parameter>
    <parameter id="QT_PAIRS">
      <table>
        <columnTypes A="double"/>
        <row A="42.215"/>
        <row A="6.0"/>
        <row A="0.0"/>
        <row A="0.0"/>
        <row A="0.0"/>
        <row A="0.0"/>
        <row A="0.0"/>
        <row A="0.0"/>
        <row A="0.0"/>
        <row A="0.0"/>
      </table>
    </parameter>
    <parameter id="PAIR_QT_LAG_CARRYOVER">
      <intValue>5</intValue>
    </parameter>
    <parameter id="CURRENT_OUTFLOW">
      <dblValue>43.028</dblValue>
    </parameter>
    <parameter id="CURRENT_STORAGE">
      <dblValue>516.325</dblValue>
    </parameter>
    <parameter id="JK">
      <intValue>6</intValue>
    </parameter>
    <parameter id="DTA">
      <stringValue>SQIN</stringValue>
    </parameter>
    <parameter id="CURRENT_LAGGED_INFLOW">
      <dblValue>42.483</dblValue>
    </parameter>
    <parameter id="DTB">
      <stringValue>SQIN</stringValue>
    </parameter>
    <parameter id="QBNTL">
      <dblValue>0.0</dblValue>
    </parameter>
    <parameter id="METENG">
      <stringValue>ENGL</stringValue>
    </parameter>
    <parameter id="TSIDA">
      <stringValue>KNFA2</stringValue>
    </parameter>
    <parameter id="ITB">
      <intValue>6</intValue>
    </parameter>
    <parameter id="ITA">
      <intValue>6</intValue>
    </parameter>
    <parameter id="TLRC">
      <dblValue>0.0</dblValue>
    </parameter>
    <parameter id="TSIDB">
      <stringValue>KNFA2RTD</stringValue>
    </parameter>
    <parameter id="LAGQ_PAIRS">
      <table>
        <columnTypes A="double"/>
        <row A="6.0"/>
        <row A="0.0"/>
        <row A="6.0"/>
        <row A="33000.0"/>
        <row A="18.0"/>
        <row A="44000.0"/>
        <row A="18.0"/>
        <row A="66000.0"/>
        <row A="12.0"/>
        <row A="110000.0"/>
      </table>
    </parameter>
    <parameter id="KQ_PAIRS">
      <table>
        <columnTypes A="double"/>
        <row A="12.0"/>
        <row A="0.0"/>
        <row A="12.0"/>
        <row A="17600.0"/>
        <row A="30.0"/>
        <row A="22000.0"/>
        <row A="36.0"/>
        <row A="30800.0"/>
        <row A="24.0"/>
        <row A="44000.0"/>
        <row A="12.0"/>
        <row A="66000.0"/>
      </table>
    </parameter>
    <parameter id="JLAG">
      <intValue>5</intValue>
    </parameter>
  </group>
</parameters>