<?xml version="1.0" encoding="utf-8"?>
<parameters version="1.5" xsi:schemaLocation="http://www.wldelft.nl/fews/PI pi_modelparameters.xsd" xmlns:xsi="http://www.w3.org/2001/XMLSchema-instance" xmlns="http://www.wldelft.nl/fews/PI">
  <group id="default">
    <parameter id="OPERATION_CONTENTS">
      <stringValue>ALLA2LOC SQIN  6 ALLA2RTD SQIN  6     6     0 ENGL 0.00       0.0
           0.000           0.000           0.000       11580.000 X
          24.000       17370.000          36.000       23160.000 X
          36.000       28950.000          24.000       34740.000
          12.000
           8
           0.000           0.000           0.000           0.000 X
           0.000           0.000           0.000           0.000 X
           0.000           0.000           0.000           0.000 X
           0.000           0.000           0.000           0.000
         207.899         210.565        2526.723
</stringValue>
    </parameter>
    <parameter id="QT_PAIRS">
      <table>
        <columnTypes A="double"/>
        <row A="0.0"/>
        <row A="0.0"/>
        <row A="0.0"/>
        <row A="0.0"/>
        <row A="0.0"/>
        <row A="0.0"/>
        <row A="0.0"/>
        <row A="0.0"/>
        <row A="0.0"/>
        <row A="0.0"/>
        <row A="0.0"/>
        <row A="0.0"/>
        <row A="0.0"/>
        <row A="0.0"/>
        <row A="0.0"/>
        <row A="0.0"/>
      </table>
    </parameter>
    <parameter id="PAIR_QT_LAG_CARRYOVER">
      <intValue>8</intValue>
    </parameter>
    <parameter id="CURRENT_OUTFLOW">
      <dblValue>210.565</dblValue>
    </parameter>
    <parameter id="CURRENT_STORAGE">
      <dblValue>2526.723</dblValue>
    </parameter>
    <parameter id="JK">
      <intValue>0</intValue>
    </parameter>
    <parameter id="DTA">
      <stringValue>SQIN</stringValue>
    </parameter>
    <parameter id="CURRENT_LAGGED_INFLOW">
      <dblValue>207.899</dblValue>
    </parameter>
    <parameter id="DTB">
      <stringValue>SQIN</stringValue>
    </parameter>
    <parameter id="SETK">
      <dblValue>12.0</dblValue>
    </parameter>
    <parameter id="QBNTL">
      <dblValue>0.0</dblValue>
    </parameter>
    <parameter id="METENG">
      <stringValue>ENGL</stringValue>
    </parameter>
    <parameter id="TSIDA">
      <stringValue>ALLA2LOC</stringValue>
    </parameter>
    <parameter id="ITB">
      <intValue>6</intValue>
    </parameter>
    <parameter id="ITA">
      <intValue>6</intValue>
    </parameter>
    <parameter id="TLRC">
      <dblValue>0.0</dblValue>
    </parameter>
    <parameter id="TSIDB">
      <stringValue>ALLA2RTD</stringValue>
    </parameter>
    <parameter id="LAGQ_PAIRS">
      <table>
        <columnTypes A="double"/>
        <row A="0.0"/>
        <row A="0.0"/>
        <row A="0.0"/>
        <row A="11580.0"/>
        <row A="24.0"/>
        <row A="17370.0"/>
        <row A="36.0"/>
        <row A="23160.0"/>
        <row A="36.0"/>
        <row A="28950.0"/>
        <row A="24.0"/>
        <row A="34740.0"/>
      </table>
    </parameter>
    <parameter id="KQ_PAIRS">
      <table>
        <columnTypes A="double"/>
        <row A="12.0"/>
      </table>
    </parameter>
    <parameter id="JLAG">
      <intValue>6</intValue>
    </parameter>
  </group>
</parameters>