<?xml version="1.0" encoding="utf-8"?>
<parameters version="1.5" xsi:schemaLocation="http://www.wldelft.nl/fews/PI pi_modelparameters.xsd" xmlns:xsi="http://www.w3.org/2001/XMLSchema-instance" xmlns="http://www.wldelft.nl/fews/PI">
  <group id="default">
    <parameter id="TS_ID">
      <stringValue>SHIA2</stringValue>
    </parameter>
    <parameter id="OPERATION_CONTENTS">
      <stringValue>SHIP CK NR ANCHORAGE                0.57            0.0     
SHIA2      SQIN    6
</stringValue>
    </parameter>
    <parameter id="WATER_SURFACE_AREA">
      <dblValue>0.0</dblValue>
    </parameter>
    <parameter id="TS_TYPE">
      <stringValue>SQIN</stringValue>
    </parameter>
    <parameter id="SSOUT_CONSTANT">
      <dblValue>0.57</dblValue>
    </parameter>
    <parameter id="TS_TIME_STEP">
      <intValue>6</intValue>
    </parameter>
    <parameter id="OPERTATION_INFO">
      <stringValue>SHIP CK NR ANCHORAGE</stringValue>
    </parameter>
  </group>
</parameters>