<?xml version="1.0" encoding="utf-8"?>
<parameters version="1.5" xsi:schemaLocation="http://www.wldelft.nl/fews/PI pi_modelparameters.xsd" xmlns:xsi="http://www.w3.org/2001/XMLSchema-instance" xmlns="http://www.wldelft.nl/fews/PI">
  <group id="default">
    <parameter id="OPERATION_CONTENTS">
      <stringValue>MFKA2    QINE  6 MFKA2RTD SQIN  6     5     6 ENGL 0.00       0.0
          18.000           0.000          18.000       21278.000 X
          30.000       28370.000          30.000       42555.000 X
          24.000       70925.000
          12.000           0.000          12.000       11348.000 X
          30.000       14185.000          36.000       19859.000 X
          24.000       28370.000          12.000       42546.996
           7
        1964.152           6.000        1953.968          12.000 X
        1943.790          18.000           0.000           0.000 X
           0.000           0.000           0.000           0.000 X
           0.000           0.000
        1974.342        1994.748       23936.439
</stringValue>
    </parameter>
    <parameter id="QT_PAIRS">
      <table>
        <columnTypes A="double"/>
        <row A="1964.152"/>
        <row A="6.0"/>
        <row A="1953.968"/>
        <row A="12.0"/>
        <row A="1943.79"/>
        <row A="18.0"/>
        <row A="0.0"/>
        <row A="0.0"/>
        <row A="0.0"/>
        <row A="0.0"/>
        <row A="0.0"/>
        <row A="0.0"/>
        <row A="0.0"/>
        <row A="0.0"/>
      </table>
    </parameter>
    <parameter id="PAIR_QT_LAG_CARRYOVER">
      <intValue>7</intValue>
    </parameter>
    <parameter id="CURRENT_OUTFLOW">
      <dblValue>1994.748</dblValue>
    </parameter>
    <parameter id="CURRENT_STORAGE">
      <dblValue>23936.439</dblValue>
    </parameter>
    <parameter id="JK">
      <intValue>6</intValue>
    </parameter>
    <parameter id="DTA">
      <stringValue>QINE</stringValue>
    </parameter>
    <parameter id="CURRENT_LAGGED_INFLOW">
      <dblValue>1974.342</dblValue>
    </parameter>
    <parameter id="DTB">
      <stringValue>SQIN</stringValue>
    </parameter>
    <parameter id="QBNTL">
      <dblValue>0.0</dblValue>
    </parameter>
    <parameter id="METENG">
      <stringValue>ENGL</stringValue>
    </parameter>
    <parameter id="TSIDA">
      <stringValue>MFKA2</stringValue>
    </parameter>
    <parameter id="ITB">
      <intValue>6</intValue>
    </parameter>
    <parameter id="ITA">
      <intValue>6</intValue>
    </parameter>
    <parameter id="TLRC">
      <dblValue>0.0</dblValue>
    </parameter>
    <parameter id="TSIDB">
      <stringValue>MFKA2RTD</stringValue>
    </parameter>
    <parameter id="LAGQ_PAIRS">
      <table>
        <columnTypes A="double"/>
        <row A="18.0"/>
        <row A="0.0"/>
        <row A="18.0"/>
        <row A="21278.0"/>
        <row A="30.0"/>
        <row A="28370.0"/>
        <row A="30.0"/>
        <row A="42555.0"/>
        <row A="24.0"/>
        <row A="70925.0"/>
      </table>
    </parameter>
    <parameter id="KQ_PAIRS">
      <table>
        <columnTypes A="double"/>
        <row A="12.0"/>
        <row A="0.0"/>
        <row A="12.0"/>
        <row A="11348.0"/>
        <row A="30.0"/>
        <row A="14185.0"/>
        <row A="36.0"/>
        <row A="19859.0"/>
        <row A="24.0"/>
        <row A="28370.0"/>
        <row A="12.0"/>
        <row A="42546.996"/>
      </table>
    </parameter>
    <parameter id="JLAG">
      <intValue>5</intValue>
    </parameter>
  </group>
</parameters>