<?xml version="1.0" encoding="utf-8"?>
<parameters version="1.5" xsi:schemaLocation="http://www.wldelft.nl/fews/PI pi_modelparameters.xsd" xmlns:xsi="http://www.w3.org/2001/XMLSchema-instance" xmlns="http://www.wldelft.nl/fews/PI">
  <group id="default">
    <parameter id="OPERATION_CONTENTS">
      <stringValue>KRHA2    QINE  6 KRHA2RTD SQIN  6     2     2 ENGL 0.00       0.0
          84.000       35000.000          66.000       70000.000
          36.000       35000.000          86.000       70000.000
          16
        4123.126           6.000        4023.203          12.000 X
        3923.344          18.000        3823.546          24.000 X
        3723.812          30.000        3624.138          36.000 X
        3524.525          42.000        3505.643          48.000 X
        3486.820          54.000        3468.058          60.000 X
        3449.355          66.000        3430.712          72.000 X
        3412.127          78.000        3393.601          84.000 X
           0.000           0.000           0.000           0.000
        4223.112        4825.618      173718.359
</stringValue>
    </parameter>
    <parameter id="QT_PAIRS">
      <table>
        <columnTypes A="double"/>
        <row A="4123.126"/>
        <row A="6.0"/>
        <row A="4023.203"/>
        <row A="12.0"/>
        <row A="3923.344"/>
        <row A="18.0"/>
        <row A="3823.546"/>
        <row A="24.0"/>
        <row A="3723.812"/>
        <row A="30.0"/>
        <row A="3624.138"/>
        <row A="36.0"/>
        <row A="3524.525"/>
        <row A="42.0"/>
        <row A="3505.643"/>
        <row A="48.0"/>
        <row A="3486.82"/>
        <row A="54.0"/>
        <row A="3468.058"/>
        <row A="60.0"/>
        <row A="3449.355"/>
        <row A="66.0"/>
        <row A="3430.712"/>
        <row A="72.0"/>
        <row A="3412.127"/>
        <row A="78.0"/>
        <row A="3393.601"/>
        <row A="84.0"/>
        <row A="0.0"/>
        <row A="0.0"/>
        <row A="0.0"/>
        <row A="0.0"/>
      </table>
    </parameter>
    <parameter id="PAIR_QT_LAG_CARRYOVER">
      <intValue>16</intValue>
    </parameter>
    <parameter id="CURRENT_OUTFLOW">
      <dblValue>4825.618</dblValue>
    </parameter>
    <parameter id="CURRENT_STORAGE">
      <dblValue>173718.359</dblValue>
    </parameter>
    <parameter id="JK">
      <intValue>2</intValue>
    </parameter>
    <parameter id="DTA">
      <stringValue>QINE</stringValue>
    </parameter>
    <parameter id="CURRENT_LAGGED_INFLOW">
      <dblValue>4223.112</dblValue>
    </parameter>
    <parameter id="DTB">
      <stringValue>SQIN</stringValue>
    </parameter>
    <parameter id="QBNTL">
      <dblValue>0.0</dblValue>
    </parameter>
    <parameter id="METENG">
      <stringValue>ENGL</stringValue>
    </parameter>
    <parameter id="TSIDA">
      <stringValue>KRHA2</stringValue>
    </parameter>
    <parameter id="ITB">
      <intValue>6</intValue>
    </parameter>
    <parameter id="ITA">
      <intValue>6</intValue>
    </parameter>
    <parameter id="TLRC">
      <dblValue>0.0</dblValue>
    </parameter>
    <parameter id="TSIDB">
      <stringValue>KRHA2RTD</stringValue>
    </parameter>
    <parameter id="LAGQ_PAIRS">
      <table>
        <columnTypes A="double"/>
        <row A="84.0"/>
        <row A="35000.0"/>
        <row A="66.0"/>
        <row A="70000.0"/>
      </table>
    </parameter>
    <parameter id="KQ_PAIRS">
      <table>
        <columnTypes A="double"/>
        <row A="36.0"/>
        <row A="35000.0"/>
        <row A="86.0"/>
        <row A="70000.0"/>
      </table>
    </parameter>
    <parameter id="JLAG">
      <intValue>2</intValue>
    </parameter>
  </group>
</parameters>