<?xml version="1.0" encoding="utf-8"?>
<parameters version="1.5" xsi:schemaLocation="http://www.wldelft.nl/fews/PI pi_modelparameters.xsd" xmlns:xsi="http://www.w3.org/2001/XMLSchema-instance" xmlns="http://www.wldelft.nl/fews/PI">
  <group id="default">
    <parameter id="OPERATION_CONTENTS">
      <stringValue>SKWA2    QINE  6 SKWA2RTD SQIN  6     0     4 ENGL 0.00       0.0
           0.000
          25.000        2000.000          18.000       10000.000 X
          10.000       20000.000           7.000       30000.002
           1
        3209.860        3319.936       81841.641
</stringValue>
    </parameter>
    <parameter id="PAIR_QT_LAG_CARRYOVER">
      <intValue>1</intValue>
    </parameter>
    <parameter id="CURRENT_OUTFLOW">
      <dblValue>3319.936</dblValue>
    </parameter>
    <parameter id="CURRENT_STORAGE">
      <dblValue>81841.641</dblValue>
    </parameter>
    <parameter id="SETLAG">
      <dblValue>0.0</dblValue>
    </parameter>
    <parameter id="JK">
      <intValue>4</intValue>
    </parameter>
    <parameter id="DTA">
      <stringValue>QINE</stringValue>
    </parameter>
    <parameter id="CURRENT_LAGGED_INFLOW">
      <dblValue>3209.86</dblValue>
    </parameter>
    <parameter id="DTB">
      <stringValue>SQIN</stringValue>
    </parameter>
    <parameter id="QBNTL">
      <dblValue>0.0</dblValue>
    </parameter>
    <parameter id="METENG">
      <stringValue>ENGL</stringValue>
    </parameter>
    <parameter id="TSIDA">
      <stringValue>SKWA2</stringValue>
    </parameter>
    <parameter id="ITB">
      <intValue>6</intValue>
    </parameter>
    <parameter id="ITA">
      <intValue>6</intValue>
    </parameter>
    <parameter id="TLRC">
      <dblValue>0.0</dblValue>
    </parameter>
    <parameter id="TSIDB">
      <stringValue>SKWA2RTD</stringValue>
    </parameter>
    <parameter id="LAGQ_PAIRS">
      <table>
        <columnTypes A="double"/>
        <row A="0.0"/>
      </table>
    </parameter>
    <parameter id="KQ_PAIRS">
      <table>
        <columnTypes A="double"/>
        <row A="25.0"/>
        <row A="2000.0"/>
        <row A="18.0"/>
        <row A="10000.0"/>
        <row A="10.0"/>
        <row A="20000.0"/>
        <row A="7.0"/>
        <row A="30000.002"/>
      </table>
    </parameter>
    <parameter id="JLAG">
      <intValue>0</intValue>
    </parameter>
  </group>
</parameters>