<?xml version="1.0" encoding="utf-8"?>
<parameters version="1.5" xsi:schemaLocation="http://www.wldelft.nl/fews/PI pi_modelparameters.xsd" xmlns:xsi="http://www.w3.org/2001/XMLSchema-instance" xmlns="http://www.wldelft.nl/fews/PI">
  <group id="default">
    <parameter id="OPERATION_CONTENTS">
      <stringValue>MCDA2REZ QINE  6 MCDA2RT  SQIN  6     0     0 ENGL 0.00       0.0
           9.000
           3.000
           3
        1343.927           3.000        1663.167           9.000 X
           0.000           0.000
        1366.153        1462.016        4385.950
</stringValue>
    </parameter>
    <parameter id="QT_PAIRS">
      <table>
        <columnTypes A="double"/>
        <row A="1343.927"/>
        <row A="3.0"/>
        <row A="1663.167"/>
        <row A="9.0"/>
        <row A="0.0"/>
        <row A="0.0"/>
      </table>
    </parameter>
    <parameter id="PAIR_QT_LAG_CARRYOVER">
      <intValue>3</intValue>
    </parameter>
    <parameter id="CURRENT_OUTFLOW">
      <dblValue>1462.016</dblValue>
    </parameter>
    <parameter id="CURRENT_STORAGE">
      <dblValue>4385.95</dblValue>
    </parameter>
    <parameter id="SETLAG">
      <dblValue>9.0</dblValue>
    </parameter>
    <parameter id="JK">
      <intValue>0</intValue>
    </parameter>
    <parameter id="DTA">
      <stringValue>QINE</stringValue>
    </parameter>
    <parameter id="CURRENT_LAGGED_INFLOW">
      <dblValue>1366.153</dblValue>
    </parameter>
    <parameter id="DTB">
      <stringValue>SQIN</stringValue>
    </parameter>
    <parameter id="SETK">
      <dblValue>3.0</dblValue>
    </parameter>
    <parameter id="QBNTL">
      <dblValue>0.0</dblValue>
    </parameter>
    <parameter id="METENG">
      <stringValue>ENGL</stringValue>
    </parameter>
    <parameter id="TSIDA">
      <stringValue>MCDA2REZ</stringValue>
    </parameter>
    <parameter id="ITB">
      <intValue>6</intValue>
    </parameter>
    <parameter id="ITA">
      <intValue>6</intValue>
    </parameter>
    <parameter id="TLRC">
      <dblValue>0.0</dblValue>
    </parameter>
    <parameter id="TSIDB">
      <stringValue>MCDA2RT</stringValue>
    </parameter>
    <parameter id="LAGQ_PAIRS">
      <table>
        <columnTypes A="double"/>
        <row A="9.0"/>
      </table>
    </parameter>
    <parameter id="KQ_PAIRS">
      <table>
        <columnTypes A="double"/>
        <row A="3.0"/>
      </table>
    </parameter>
    <parameter id="JLAG">
      <intValue>0</intValue>
    </parameter>
  </group>
</parameters>