<?xml version="1.0" encoding="utf-8"?>
<parameters version="1.5" xsi:schemaLocation="http://www.wldelft.nl/fews/PI pi_modelparameters.xsd" xmlns:xsi="http://www.w3.org/2001/XMLSchema-instance" xmlns="http://www.wldelft.nl/fews/PI">
  <group id="default">
    <parameter id="TALMIN">
      <dblValue>0.25</dblValue>
    </parameter>
    <parameter id="TAELEV">
      <dblValue>822.0</dblValue>
    </parameter>
    <parameter id="TIPM">
      <dblValue>0.1</dblValue>
    </parameter>
    <parameter id="TALMAX">
      <dblValue>0.65</dblValue>
    </parameter>
    <parameter id="SASC_OUTPUT_TS_INTERVAL">
      <intValue>6</intValue>
    </parameter>
    <parameter id="PXTEMP">
      <dblValue>1.7</dblValue>
    </parameter>
    <parameter id="PXADJ">
      <dblValue>1.0</dblValue>
    </parameter>
    <parameter id="ELEV">
      <dblValue>1022.0</dblValue>
    </parameter>
    <parameter id="UADJ">
      <dblValue>0.15</dblValue>
    </parameter>
    <parameter id="MFMIN">
      <dblValue>0.1</dblValue>
    </parameter>
    <parameter id="NMF">
      <dblValue>0.15</dblValue>
    </parameter>
    <parameter id="WETOL[0., 1.0]">
      <dblValue>0.0</dblValue>
    </parameter>
    <parameter id="ALAT">
      <dblValue>59.9</dblValue>
    </parameter>
    <parameter id="PLWHC">
      <dblValue>0.1</dblValue>
    </parameter>
    <parameter id="MV">
      <intValue>0</intValue>
    </parameter>
    <parameter id="MBASE">
      <dblValue>0.0</dblValue>
    </parameter>
    <parameter id="SCF">
      <dblValue>0.9</dblValue>
    </parameter>
    <parameter id="SI">
      <dblValue>0.0</dblValue>
    </parameter>
    <parameter id="SWE_OUTPUT_TS_INTERVAL">
      <intValue>6</intValue>
    </parameter>
    <parameter id="SNSG_OUTPUT_TS_INTERVAL">
      <intValue>6</intValue>
    </parameter>
    <parameter id="AREA_ELEV_CURVE(METR)">
      <table>
        <columnTypes A="double" B="double"/>
        <row A="243.0" B="0.0"/>
        <row A="302.0" B="0.03"/>
        <row A="395.0" B="0.06"/>
        <row A="524.0" B="0.18"/>
        <row A="587.0" B="0.21"/>
        <row A="780.0" B="0.42"/>
        <row A="893.0" B="0.57"/>
        <row A="987.0" B="0.66"/>
        <row A="1091.0" B="0.8"/>
        <row A="1121.0" B="0.88"/>
        <row A="1178.0" B="0.96"/>
        <row A="1219.0" B="1.0"/>
      </table>
    </parameter>
    <parameter id="SCTOL[0., 1.0]">
      <dblValue>0.0</dblValue>
    </parameter>
    <parameter id="MFMAX">
      <dblValue>0.4</dblValue>
    </parameter>
    <parameter id="RAIN_SNOW_ELEV_INPUT_OPTION">
      <boolValue>true</boolValue>
    </parameter>
    <parameter id="DAYGM">
      <dblValue>0.0</dblValue>
    </parameter>
    <parameter id="AREA_DEPLETION_CURVE">
      <table>
        <columnTypes A="double"/>
        <row A="0.05"/>
        <row A="0.2"/>
        <row A="0.3"/>
        <row A="0.37"/>
        <row A="0.43"/>
        <row A="0.48"/>
        <row A="0.53"/>
        <row A="0.57"/>
        <row A="0.63"/>
        <row A="0.73"/>
        <row A="1.0"/>
      </table>
    </parameter>
  </group>
</parameters>