<?xml version="1.0" encoding="utf-8"?>
<parameters version="1.5" xsi:schemaLocation="http://www.wldelft.nl/fews/PI pi_modelparameters.xsd" xmlns:xsi="http://www.w3.org/2001/XMLSchema-instance" xmlns="http://www.wldelft.nl/fews/PI">
  <group id="default">
    <parameter id="OPERATION_CONTENTS">
      <stringValue>ENNA2MSK SQIN  6 ENNA2RTD SQIN  6     3     3 ENGL 0.00       0.0
          12.000           0.000          12.000       90000.000 X
          24.000      100000.000
           6.000           0.000          18.000       90000.000 X
          36.000      100000.000
           6
       58481.750           6.000       50437.250          12.000 X
           0.000           0.000           0.000           0.000 X
           0.000           0.000           0.000           0.000
       55415.250       52353.133      497144.344
</stringValue>
    </parameter>
    <parameter id="QT_PAIRS">
      <table>
        <columnTypes A="double"/>
        <row A="58481.75"/>
        <row A="6.0"/>
        <row A="50437.25"/>
        <row A="12.0"/>
        <row A="0.0"/>
        <row A="0.0"/>
        <row A="0.0"/>
        <row A="0.0"/>
        <row A="0.0"/>
        <row A="0.0"/>
        <row A="0.0"/>
        <row A="0.0"/>
      </table>
    </parameter>
    <parameter id="PAIR_QT_LAG_CARRYOVER">
      <intValue>6</intValue>
    </parameter>
    <parameter id="CURRENT_OUTFLOW">
      <dblValue>52353.133</dblValue>
    </parameter>
    <parameter id="CURRENT_STORAGE">
      <dblValue>497144.344</dblValue>
    </parameter>
    <parameter id="JK">
      <intValue>3</intValue>
    </parameter>
    <parameter id="DTA">
      <stringValue>SQIN</stringValue>
    </parameter>
    <parameter id="CURRENT_LAGGED_INFLOW">
      <dblValue>55415.25</dblValue>
    </parameter>
    <parameter id="DTB">
      <stringValue>SQIN</stringValue>
    </parameter>
    <parameter id="QBNTL">
      <dblValue>0.0</dblValue>
    </parameter>
    <parameter id="METENG">
      <stringValue>ENGL</stringValue>
    </parameter>
    <parameter id="TSIDA">
      <stringValue>ENNA2MSK</stringValue>
    </parameter>
    <parameter id="ITB">
      <intValue>6</intValue>
    </parameter>
    <parameter id="ITA">
      <intValue>6</intValue>
    </parameter>
    <parameter id="TLRC">
      <dblValue>0.0</dblValue>
    </parameter>
    <parameter id="TSIDB">
      <stringValue>ENNA2RTD</stringValue>
    </parameter>
    <parameter id="LAGQ_PAIRS">
      <table>
        <columnTypes A="double"/>
        <row A="12.0"/>
        <row A="0.0"/>
        <row A="12.0"/>
        <row A="90000.0"/>
        <row A="24.0"/>
        <row A="100000.0"/>
      </table>
    </parameter>
    <parameter id="KQ_PAIRS">
      <table>
        <columnTypes A="double"/>
        <row A="6.0"/>
        <row A="0.0"/>
        <row A="18.0"/>
        <row A="90000.0"/>
        <row A="36.0"/>
        <row A="100000.0"/>
      </table>
    </parameter>
    <parameter id="JLAG">
      <intValue>3</intValue>
    </parameter>
  </group>
</parameters>