<?xml version="1.0" encoding="utf-8"?>
<parameters version="1.5" xsi:schemaLocation="http://www.wldelft.nl/fews/PI pi_modelparameters.xsd" xmlns:xsi="http://www.w3.org/2001/XMLSchema-instance" xmlns="http://www.wldelft.nl/fews/PI">
  <group id="default">
    <parameter id="OPERATION_CONTENTS">
      <stringValue>TAFXCHF  SQIN  6 TAFXCHFR SQIN  6     4     4 ENGL 0.00       0.0
           6.000           0.000           6.000       70000.000 X
          14.000       71000.000          18.000      110000.000
          10.000           0.000          10.000       75000.000 X
          24.000       75000.000          36.000      110000.000
           5
      161281.625           6.000      171155.047          12.000 X
      138964.656          18.000           0.000           0.000 X
           0.000           0.000
      132167.891      138185.266     2914604.500
</stringValue>
    </parameter>
    <parameter id="QT_PAIRS">
      <table>
        <columnTypes A="double"/>
        <row A="161281.625"/>
        <row A="6.0"/>
        <row A="171155.047"/>
        <row A="12.0"/>
        <row A="138964.656"/>
        <row A="18.0"/>
        <row A="0.0"/>
        <row A="0.0"/>
        <row A="0.0"/>
        <row A="0.0"/>
      </table>
    </parameter>
    <parameter id="PAIR_QT_LAG_CARRYOVER">
      <intValue>5</intValue>
    </parameter>
    <parameter id="CURRENT_OUTFLOW">
      <dblValue>138185.266</dblValue>
    </parameter>
    <parameter id="CURRENT_STORAGE">
      <dblValue>2914604.5</dblValue>
    </parameter>
    <parameter id="JK">
      <intValue>4</intValue>
    </parameter>
    <parameter id="DTA">
      <stringValue>SQIN</stringValue>
    </parameter>
    <parameter id="CURRENT_LAGGED_INFLOW">
      <dblValue>132167.891</dblValue>
    </parameter>
    <parameter id="DTB">
      <stringValue>SQIN</stringValue>
    </parameter>
    <parameter id="QBNTL">
      <dblValue>0.0</dblValue>
    </parameter>
    <parameter id="METENG">
      <stringValue>ENGL</stringValue>
    </parameter>
    <parameter id="TSIDA">
      <stringValue>TAFXCHF</stringValue>
    </parameter>
    <parameter id="ITB">
      <intValue>6</intValue>
    </parameter>
    <parameter id="ITA">
      <intValue>6</intValue>
    </parameter>
    <parameter id="TLRC">
      <dblValue>0.0</dblValue>
    </parameter>
    <parameter id="TSIDB">
      <stringValue>TAFXCHFR</stringValue>
    </parameter>
    <parameter id="LAGQ_PAIRS">
      <table>
        <columnTypes A="double"/>
        <row A="6.0"/>
        <row A="0.0"/>
        <row A="6.0"/>
        <row A="70000.0"/>
        <row A="14.0"/>
        <row A="71000.0"/>
        <row A="18.0"/>
        <row A="110000.0"/>
      </table>
    </parameter>
    <parameter id="KQ_PAIRS">
      <table>
        <columnTypes A="double"/>
        <row A="10.0"/>
        <row A="0.0"/>
        <row A="10.0"/>
        <row A="75000.0"/>
        <row A="24.0"/>
        <row A="75000.0"/>
        <row A="36.0"/>
        <row A="110000.0"/>
      </table>
    </parameter>
    <parameter id="JLAG">
      <intValue>4</intValue>
    </parameter>
  </group>
</parameters>