<?xml version="1.0" encoding="utf-8"?>
<parameters version="1.5" xsi:schemaLocation="http://www.wldelft.nl/fews/PI pi_modelparameters.xsd" xmlns:xsi="http://www.w3.org/2001/XMLSchema-instance" xmlns="http://www.wldelft.nl/fews/PI">
  <group id="default">
    <parameter id="OPERATION_CONTENTS">
      <stringValue>BRCA2    SQIN  6 BRCA2RTD SQIN  6     0     0 ENGL 0.00       0.0
           6.000
           8.000
           3
         597.934           6.000           0.000           0.000 X
           0.000           0.000
         599.411         601.391        4811.022
</stringValue>
    </parameter>
    <parameter id="QT_PAIRS">
      <table>
        <columnTypes A="double"/>
        <row A="597.934"/>
        <row A="6.0"/>
        <row A="0.0"/>
        <row A="0.0"/>
        <row A="0.0"/>
        <row A="0.0"/>
      </table>
    </parameter>
    <parameter id="PAIR_QT_LAG_CARRYOVER">
      <intValue>3</intValue>
    </parameter>
    <parameter id="CURRENT_OUTFLOW">
      <dblValue>601.391</dblValue>
    </parameter>
    <parameter id="CURRENT_STORAGE">
      <dblValue>4811.022</dblValue>
    </parameter>
    <parameter id="SETLAG">
      <dblValue>6.0</dblValue>
    </parameter>
    <parameter id="JK">
      <intValue>0</intValue>
    </parameter>
    <parameter id="DTA">
      <stringValue>SQIN</stringValue>
    </parameter>
    <parameter id="CURRENT_LAGGED_INFLOW">
      <dblValue>599.411</dblValue>
    </parameter>
    <parameter id="DTB">
      <stringValue>SQIN</stringValue>
    </parameter>
    <parameter id="SETK">
      <dblValue>8.0</dblValue>
    </parameter>
    <parameter id="QBNTL">
      <dblValue>0.0</dblValue>
    </parameter>
    <parameter id="METENG">
      <stringValue>ENGL</stringValue>
    </parameter>
    <parameter id="TSIDA">
      <stringValue>BRCA2</stringValue>
    </parameter>
    <parameter id="ITB">
      <intValue>6</intValue>
    </parameter>
    <parameter id="ITA">
      <intValue>6</intValue>
    </parameter>
    <parameter id="TLRC">
      <dblValue>0.0</dblValue>
    </parameter>
    <parameter id="TSIDB">
      <stringValue>BRCA2RTD</stringValue>
    </parameter>
    <parameter id="LAGQ_PAIRS">
      <table>
        <columnTypes A="double"/>
        <row A="6.0"/>
      </table>
    </parameter>
    <parameter id="KQ_PAIRS">
      <table>
        <columnTypes A="double"/>
        <row A="8.0"/>
      </table>
    </parameter>
    <parameter id="JLAG">
      <intValue>0</intValue>
    </parameter>
  </group>
</parameters>