<?xml version="1.0" encoding="utf-8"?>
<parameters version="1.5" xsi:schemaLocation="http://www.wldelft.nl/fews/PI pi_modelparameters.xsd" xmlns:xsi="http://www.w3.org/2001/XMLSchema-instance" xmlns="http://www.wldelft.nl/fews/PI">
  <group id="default">
    <parameter id="OPERATION_CONTENTS">
      <stringValue>TRT Q ROUTED TO SUN   TRTA2    QINE    6  TRTA2RTD SQIN    6  6.0.2500 1
   38.7653   38.1608
</stringValue>
    </parameter>
    <parameter id="X_PARAMETER">
      <dblValue>0.25</dblValue>
    </parameter>
    <parameter id="INITIAL_OUTFLOW">
      <dblValue>38.1608</dblValue>
    </parameter>
    <parameter id="K_PARAMETER">
      <dblValue>6.0</dblValue>
    </parameter>
    <parameter id="GENERAL_INFO">
      <stringValue>TRT Q ROUTED TO SUN</stringValue>
    </parameter>
    <parameter id="CARRYOVER_FLAG">
      <intValue>1</intValue>
    </parameter>
    <parameter id="TS_INFLOW_TYPE">
      <stringValue>QINE</stringValue>
    </parameter>
    <parameter id="TS_OUTFLOW_TIMESTEP">
      <intValue>6</intValue>
    </parameter>
    <parameter id="TS_INFLOW_ID">
      <stringValue>TRTA2</stringValue>
    </parameter>
    <parameter id="TS_OUTFLOW_ID">
      <stringValue>TRTA2RTD</stringValue>
    </parameter>
    <parameter id="TS_INFLOW_TIMESTEP">
      <intValue>6</intValue>
    </parameter>
    <parameter id="TS_OUTFLOW_TYPE">
      <stringValue>SQIN</stringValue>
    </parameter>
    <parameter id="INITIAL_INFLOW">
      <dblValue>38.7653</dblValue>
    </parameter>
  </group>
</parameters>