<?xml version="1.0" encoding="utf-8"?>
<parameters version="1.5" xsi:schemaLocation="http://www.wldelft.nl/fews/PI pi_modelparameters.xsd" xmlns:xsi="http://www.w3.org/2001/XMLSchema-instance" xmlns="http://www.wldelft.nl/fews/PI">
  <group id="default">
    <parameter id="OPERATION_CONTENTS">
      <stringValue>SKIA2    SQIN  6 SKIA2RTD SQIN  6     0     4 ENGL 0.00       0.0
           0.000
         300.000        1500.000         210.000        2000.000 X
         132.000        4000.000          96.000        6000.000
           1
         279.226         435.003      130498.031
</stringValue>
    </parameter>
    <parameter id="PAIR_QT_LAG_CARRYOVER">
      <intValue>1</intValue>
    </parameter>
    <parameter id="CURRENT_OUTFLOW">
      <dblValue>435.003</dblValue>
    </parameter>
    <parameter id="CURRENT_STORAGE">
      <dblValue>130498.031</dblValue>
    </parameter>
    <parameter id="SETLAG">
      <dblValue>0.0</dblValue>
    </parameter>
    <parameter id="JK">
      <intValue>4</intValue>
    </parameter>
    <parameter id="DTA">
      <stringValue>SQIN</stringValue>
    </parameter>
    <parameter id="CURRENT_LAGGED_INFLOW">
      <dblValue>279.226</dblValue>
    </parameter>
    <parameter id="DTB">
      <stringValue>SQIN</stringValue>
    </parameter>
    <parameter id="QBNTL">
      <dblValue>0.0</dblValue>
    </parameter>
    <parameter id="METENG">
      <stringValue>ENGL</stringValue>
    </parameter>
    <parameter id="TSIDA">
      <stringValue>SKIA2</stringValue>
    </parameter>
    <parameter id="ITB">
      <intValue>6</intValue>
    </parameter>
    <parameter id="ITA">
      <intValue>6</intValue>
    </parameter>
    <parameter id="TLRC">
      <dblValue>0.0</dblValue>
    </parameter>
    <parameter id="TSIDB">
      <stringValue>SKIA2RTD</stringValue>
    </parameter>
    <parameter id="LAGQ_PAIRS">
      <table>
        <columnTypes A="double"/>
        <row A="0.0"/>
      </table>
    </parameter>
    <parameter id="KQ_PAIRS">
      <table>
        <columnTypes A="double"/>
        <row A="300.0"/>
        <row A="1500.0"/>
        <row A="210.0"/>
        <row A="2000.0"/>
        <row A="132.0"/>
        <row A="4000.0"/>
        <row A="96.0"/>
        <row A="6000.0"/>
      </table>
    </parameter>
    <parameter id="JLAG">
      <intValue>0</intValue>
    </parameter>
  </group>
</parameters>