<?xml version="1.0" encoding="utf-8"?>
<parameters version="1.5" xsi:schemaLocation="http://www.wldelft.nl/fews/PI pi_modelparameters.xsd" xmlns:xsi="http://www.w3.org/2001/XMLSchema-instance" xmlns="http://www.wldelft.nl/fews/PI">
  <group id="default">
    <parameter id="OPERATION_CONTENTS">
      <stringValue>NIRQ9    QINE  6 NIRQ9RTD SQIN  6     0     0 ENGL 0.00       0.0
          36.000
          12.000
           8
         932.773           6.000         930.788          12.000 X
         928.825          18.000         926.884          24.000 X
         924.965          30.000         923.067          36.000 X
           0.000           0.000           0.000           0.000
         934.780         925.566       11106.545
</stringValue>
    </parameter>
    <parameter id="QT_PAIRS">
      <table>
        <columnTypes A="double"/>
        <row A="932.773"/>
        <row A="6.0"/>
        <row A="930.788"/>
        <row A="12.0"/>
        <row A="928.825"/>
        <row A="18.0"/>
        <row A="926.884"/>
        <row A="24.0"/>
        <row A="924.965"/>
        <row A="30.0"/>
        <row A="923.067"/>
        <row A="36.0"/>
        <row A="0.0"/>
        <row A="0.0"/>
        <row A="0.0"/>
        <row A="0.0"/>
      </table>
    </parameter>
    <parameter id="PAIR_QT_LAG_CARRYOVER">
      <intValue>8</intValue>
    </parameter>
    <parameter id="CURRENT_OUTFLOW">
      <dblValue>925.566</dblValue>
    </parameter>
    <parameter id="CURRENT_STORAGE">
      <dblValue>11106.545</dblValue>
    </parameter>
    <parameter id="SETLAG">
      <dblValue>36.0</dblValue>
    </parameter>
    <parameter id="JK">
      <intValue>0</intValue>
    </parameter>
    <parameter id="DTA">
      <stringValue>QINE</stringValue>
    </parameter>
    <parameter id="CURRENT_LAGGED_INFLOW">
      <dblValue>934.78</dblValue>
    </parameter>
    <parameter id="DTB">
      <stringValue>SQIN</stringValue>
    </parameter>
    <parameter id="SETK">
      <dblValue>12.0</dblValue>
    </parameter>
    <parameter id="QBNTL">
      <dblValue>0.0</dblValue>
    </parameter>
    <parameter id="METENG">
      <stringValue>ENGL</stringValue>
    </parameter>
    <parameter id="TSIDA">
      <stringValue>NIRQ9</stringValue>
    </parameter>
    <parameter id="ITB">
      <intValue>6</intValue>
    </parameter>
    <parameter id="ITA">
      <intValue>6</intValue>
    </parameter>
    <parameter id="TLRC">
      <dblValue>0.0</dblValue>
    </parameter>
    <parameter id="TSIDB">
      <stringValue>NIRQ9RTD</stringValue>
    </parameter>
    <parameter id="LAGQ_PAIRS">
      <table>
        <columnTypes A="double"/>
        <row A="36.0"/>
      </table>
    </parameter>
    <parameter id="KQ_PAIRS">
      <table>
        <columnTypes A="double"/>
        <row A="12.0"/>
      </table>
    </parameter>
    <parameter id="JLAG">
      <intValue>0</intValue>
    </parameter>
  </group>
</parameters>