<?xml version="1.0" encoding="utf-8"?>
<parameters version="1.5" xsi:schemaLocation="http://www.wldelft.nl/fews/PI pi_modelparameters.xsd" xmlns:xsi="http://www.w3.org/2001/XMLSchema-instance" xmlns="http://www.wldelft.nl/fews/PI">
  <group id="default">
    <parameter id="OPERATION_CONTENTS">
      <stringValue>  CKTA2GL  RAIM    6  CKTA2GL  GOUT  CKTA2FAI AFAI
    -7.0  0.01  0.95  0.05  0.50
    14.7    19.1
</stringValue>
    </parameter>
    <parameter id="CG1_PARAMETER">
      <dblValue>-7.0</dblValue>
    </parameter>
    <parameter id="GLACIER_STORAGE">
      <dblValue>14.7</dblValue>
    </parameter>
    <parameter id="ANTECEDENT_FLOW_ID">
      <stringValue>CKTA2FAI</stringValue>
    </parameter>
    <parameter id="INITIAL_AFI_DECAY_PARAMETER">
      <dblValue>19.1</dblValue>
    </parameter>
    <parameter id="TS_OUTPUT_TIME_STEP">
      <intValue>6</intValue>
    </parameter>
    <parameter id="TS_OUTPUT_TYPE">
      <stringValue>GOUT</stringValue>
    </parameter>
    <parameter id="KG2_PARAMETER">
      <dblValue>0.5</dblValue>
    </parameter>
    <parameter id="CG2_PARAMETER">
      <dblValue>0.01</dblValue>
    </parameter>
    <parameter id="TS_ID">
      <stringValue>CKTA2GL</stringValue>
    </parameter>
    <parameter id="KG1_PARAMETER">
      <dblValue>0.05</dblValue>
    </parameter>
    <parameter id="TS_TYPE">
      <stringValue>RAIM</stringValue>
    </parameter>
    <parameter id="ANTECEDENT_FLOW_TYPE">
      <stringValue>AFAI</stringValue>
    </parameter>
    <parameter id="TS_OUTPUT_ID">
      <stringValue>CKTA2GL</stringValue>
    </parameter>
    <parameter id="AFI_DECAY_PARAMETER">
      <dblValue>0.95</dblValue>
    </parameter>
  </group>
</parameters>