<?xml version="1.0" encoding="utf-8"?>
<parameters version="1.5" xsi:schemaLocation="http://www.wldelft.nl/fews/PI pi_modelparameters.xsd" xmlns:xsi="http://www.w3.org/2001/XMLSchema-instance" xmlns="http://www.wldelft.nl/fews/PI">
  <group id="default">
    <parameter id="OPERATION_CONTENTS">
      <stringValue>RSHA2    QINE  6 RSHA2RTD SQIN  6     3     3 ENGL 0.00       0.0
          10.000      250000.000           7.000      500000.000 X
          12.000      650000.000
          35.000      250000.000          46.000      500000.000 X
          50.000      650000.000
           5
      120039.125           2.000      119358.406           8.000 X
      118672.609          14.000      117991.500          20.000 X
           0.000           0.000
      120261.703      122229.781     2200087.250
</stringValue>
    </parameter>
    <parameter id="QT_PAIRS">
      <table>
        <columnTypes A="double"/>
        <row A="120039.125"/>
        <row A="2.0"/>
        <row A="119358.406"/>
        <row A="8.0"/>
        <row A="118672.609"/>
        <row A="14.0"/>
        <row A="117991.5"/>
        <row A="20.0"/>
        <row A="0.0"/>
        <row A="0.0"/>
      </table>
    </parameter>
    <parameter id="PAIR_QT_LAG_CARRYOVER">
      <intValue>5</intValue>
    </parameter>
    <parameter id="CURRENT_OUTFLOW">
      <dblValue>122229.781</dblValue>
    </parameter>
    <parameter id="CURRENT_STORAGE">
      <dblValue>2200087.25</dblValue>
    </parameter>
    <parameter id="JK">
      <intValue>3</intValue>
    </parameter>
    <parameter id="DTA">
      <stringValue>QINE</stringValue>
    </parameter>
    <parameter id="CURRENT_LAGGED_INFLOW">
      <dblValue>120261.703</dblValue>
    </parameter>
    <parameter id="DTB">
      <stringValue>SQIN</stringValue>
    </parameter>
    <parameter id="QBNTL">
      <dblValue>0.0</dblValue>
    </parameter>
    <parameter id="METENG">
      <stringValue>ENGL</stringValue>
    </parameter>
    <parameter id="TSIDA">
      <stringValue>RSHA2</stringValue>
    </parameter>
    <parameter id="ITB">
      <intValue>6</intValue>
    </parameter>
    <parameter id="ITA">
      <intValue>6</intValue>
    </parameter>
    <parameter id="TLRC">
      <dblValue>0.0</dblValue>
    </parameter>
    <parameter id="TSIDB">
      <stringValue>RSHA2RTD</stringValue>
    </parameter>
    <parameter id="LAGQ_PAIRS">
      <table>
        <columnTypes A="double"/>
        <row A="10.0"/>
        <row A="250000.0"/>
        <row A="7.0"/>
        <row A="500000.0"/>
        <row A="12.0"/>
        <row A="650000.0"/>
      </table>
    </parameter>
    <parameter id="KQ_PAIRS">
      <table>
        <columnTypes A="double"/>
        <row A="35.0"/>
        <row A="250000.0"/>
        <row A="46.0"/>
        <row A="500000.0"/>
        <row A="50.0"/>
        <row A="650000.0"/>
      </table>
    </parameter>
    <parameter id="JLAG">
      <intValue>3</intValue>
    </parameter>
  </group>
</parameters>