<?xml version="1.0" encoding="utf-8"?>
<parameters version="1.5" xsi:schemaLocation="http://www.wldelft.nl/fews/PI pi_modelparameters.xsd" xmlns:xsi="http://www.w3.org/2001/XMLSchema-instance" xmlns="http://www.wldelft.nl/fews/PI">
  <group id="default">
    <parameter id="OPERATION_CONTENTS">
      <stringValue>MULCHATNA RT TO EKW   MULA2    SQIN    6  MULA2RTD SQIN    6 18.0.1600 1
   39.6921   40.1476
</stringValue>
    </parameter>
    <parameter id="X_PARAMETER">
      <dblValue>0.16</dblValue>
    </parameter>
    <parameter id="INITIAL_OUTFLOW">
      <dblValue>40.1476</dblValue>
    </parameter>
    <parameter id="K_PARAMETER">
      <dblValue>18.0</dblValue>
    </parameter>
    <parameter id="GENERAL_INFO">
      <stringValue>MULCHATNA RT TO EKW</stringValue>
    </parameter>
    <parameter id="CARRYOVER_FLAG">
      <intValue>1</intValue>
    </parameter>
    <parameter id="TS_INFLOW_TYPE">
      <stringValue>SQIN</stringValue>
    </parameter>
    <parameter id="TS_OUTFLOW_TIMESTEP">
      <intValue>6</intValue>
    </parameter>
    <parameter id="TS_INFLOW_ID">
      <stringValue>MULA2</stringValue>
    </parameter>
    <parameter id="TS_OUTFLOW_ID">
      <stringValue>MULA2RTD</stringValue>
    </parameter>
    <parameter id="TS_INFLOW_TIMESTEP">
      <intValue>6</intValue>
    </parameter>
    <parameter id="TS_OUTFLOW_TYPE">
      <stringValue>SQIN</stringValue>
    </parameter>
    <parameter id="INITIAL_INFLOW">
      <dblValue>39.6921</dblValue>
    </parameter>
  </group>
</parameters>