<?xml version="1.0" encoding="utf-8"?>
<parameters version="1.5" xsi:schemaLocation="http://www.wldelft.nl/fews/PI pi_modelparameters.xsd" xmlns:xsi="http://www.w3.org/2001/XMLSchema-instance" xmlns="http://www.wldelft.nl/fews/PI">
  <group id="default">
    <parameter id="OPERATION_CONTENTS">
      <stringValue>TAFA2SPL SQIN  6 TAFA2SPR SQIN  6     0     0 ENGL 0.00       0.0
           5.000
           0.000
           2
           0.001           5.000           0.000           0.000
           0.001
</stringValue>
    </parameter>
    <parameter id="QT_PAIRS">
      <table>
        <columnTypes A="double"/>
        <row A="0.0010"/>
        <row A="5.0"/>
        <row A="0.0"/>
        <row A="0.0"/>
      </table>
    </parameter>
    <parameter id="PAIR_QT_LAG_CARRYOVER">
      <intValue>2</intValue>
    </parameter>
    <parameter id="CURRENT_OUTFLOW">
      <dblValue>0.0010</dblValue>
    </parameter>
    <parameter id="CURRENT_STORAGE">
      <dblValue>0.0</dblValue>
    </parameter>
    <parameter id="SETLAG">
      <dblValue>5.0</dblValue>
    </parameter>
    <parameter id="JK">
      <intValue>0</intValue>
    </parameter>
    <parameter id="DTA">
      <stringValue>SQIN</stringValue>
    </parameter>
    <parameter id="CURRENT_LAGGED_INFLOW">
      <dblValue>0.0</dblValue>
    </parameter>
    <parameter id="DTB">
      <stringValue>SQIN</stringValue>
    </parameter>
    <parameter id="SETK">
      <dblValue>0.0</dblValue>
    </parameter>
    <parameter id="QBNTL">
      <dblValue>0.0</dblValue>
    </parameter>
    <parameter id="METENG">
      <stringValue>ENGL</stringValue>
    </parameter>
    <parameter id="TSIDA">
      <stringValue>TAFA2SPL</stringValue>
    </parameter>
    <parameter id="ITB">
      <intValue>6</intValue>
    </parameter>
    <parameter id="ITA">
      <intValue>6</intValue>
    </parameter>
    <parameter id="TLRC">
      <dblValue>0.0</dblValue>
    </parameter>
    <parameter id="TSIDB">
      <stringValue>TAFA2SPR</stringValue>
    </parameter>
    <parameter id="LAGQ_PAIRS">
      <table>
        <columnTypes A="double"/>
        <row A="5.0"/>
      </table>
    </parameter>
    <parameter id="KQ_PAIRS">
      <table>
        <columnTypes A="double"/>
        <row A="0.0"/>
      </table>
    </parameter>
    <parameter id="JLAG">
      <intValue>0</intValue>
    </parameter>
  </group>
</parameters>