<?xml version="1.0" encoding="utf-8"?>
<parameters version="1.5" xsi:schemaLocation="http://www.wldelft.nl/fews/PI pi_modelparameters.xsd" xmlns:xsi="http://www.w3.org/2001/XMLSchema-instance" xmlns="http://www.wldelft.nl/fews/PI">
  <group id="default">
    <parameter id="OPERATION_CONTENTS">
      <stringValue>YANA2    QINE  6 YANA2RTD SQIN  6     3     3 ENGL 0.00       0.0
          10.000      270000.000           8.000      500000.000 X
          12.000      650000.000
          48.000      270000.000          58.000      500000.000 X
          68.000      650000.000
           5
      110238.664           2.000      109679.789           8.000 X
      109176.375          14.000      108732.977          20.000 X
           0.000           0.000
      110441.102      112372.859     2022666.375
</stringValue>
    </parameter>
    <parameter id="QT_PAIRS">
      <table>
        <columnTypes A="double"/>
        <row A="110238.664"/>
        <row A="2.0"/>
        <row A="109679.789"/>
        <row A="8.0"/>
        <row A="109176.375"/>
        <row A="14.0"/>
        <row A="108732.977"/>
        <row A="20.0"/>
        <row A="0.0"/>
        <row A="0.0"/>
      </table>
    </parameter>
    <parameter id="PAIR_QT_LAG_CARRYOVER">
      <intValue>5</intValue>
    </parameter>
    <parameter id="CURRENT_OUTFLOW">
      <dblValue>112372.859</dblValue>
    </parameter>
    <parameter id="CURRENT_STORAGE">
      <dblValue>2022666.375</dblValue>
    </parameter>
    <parameter id="JK">
      <intValue>3</intValue>
    </parameter>
    <parameter id="DTA">
      <stringValue>QINE</stringValue>
    </parameter>
    <parameter id="CURRENT_LAGGED_INFLOW">
      <dblValue>110441.102</dblValue>
    </parameter>
    <parameter id="DTB">
      <stringValue>SQIN</stringValue>
    </parameter>
    <parameter id="QBNTL">
      <dblValue>0.0</dblValue>
    </parameter>
    <parameter id="METENG">
      <stringValue>ENGL</stringValue>
    </parameter>
    <parameter id="TSIDA">
      <stringValue>YANA2</stringValue>
    </parameter>
    <parameter id="ITB">
      <intValue>6</intValue>
    </parameter>
    <parameter id="ITA">
      <intValue>6</intValue>
    </parameter>
    <parameter id="TLRC">
      <dblValue>0.0</dblValue>
    </parameter>
    <parameter id="TSIDB">
      <stringValue>YANA2RTD</stringValue>
    </parameter>
    <parameter id="LAGQ_PAIRS">
      <table>
        <columnTypes A="double"/>
        <row A="10.0"/>
        <row A="270000.0"/>
        <row A="8.0"/>
        <row A="500000.0"/>
        <row A="12.0"/>
        <row A="650000.0"/>
      </table>
    </parameter>
    <parameter id="KQ_PAIRS">
      <table>
        <columnTypes A="double"/>
        <row A="48.0"/>
        <row A="270000.0"/>
        <row A="58.0"/>
        <row A="500000.0"/>
        <row A="68.0"/>
        <row A="650000.0"/>
      </table>
    </parameter>
    <parameter id="JLAG">
      <intValue>3</intValue>
    </parameter>
  </group>
</parameters>