<?xml version="1.0" encoding="utf-8"?>
<parameters version="1.5" xsi:schemaLocation="http://www.wldelft.nl/fews/PI pi_modelparameters.xsd" xmlns:xsi="http://www.w3.org/2001/XMLSchema-instance" xmlns="http://www.wldelft.nl/fews/PI">
  <group id="default">
    <parameter id="OPERATION_CONTENTS">
      <stringValue>TALA2MRG SQIN  6 TALA2RTD SQIN  6     2     2 ENGL 0.00       0.0
          14.000      300000.000          10.000      450000.000
          10.000      300000.000          24.000      450000.000
           5
      100703.594           6.000      101949.242          12.000 X
      103459.148          18.000           0.000           0.000 X
           0.000           0.000
       99753.859       98571.367     1182830.250
</stringValue>
    </parameter>
    <parameter id="QT_PAIRS">
      <table>
        <columnTypes A="double"/>
        <row A="100703.594"/>
        <row A="6.0"/>
        <row A="101949.242"/>
        <row A="12.0"/>
        <row A="103459.148"/>
        <row A="18.0"/>
        <row A="0.0"/>
        <row A="0.0"/>
        <row A="0.0"/>
        <row A="0.0"/>
      </table>
    </parameter>
    <parameter id="PAIR_QT_LAG_CARRYOVER">
      <intValue>5</intValue>
    </parameter>
    <parameter id="CURRENT_OUTFLOW">
      <dblValue>98571.367</dblValue>
    </parameter>
    <parameter id="CURRENT_STORAGE">
      <dblValue>1182830.25</dblValue>
    </parameter>
    <parameter id="JK">
      <intValue>2</intValue>
    </parameter>
    <parameter id="DTA">
      <stringValue>SQIN</stringValue>
    </parameter>
    <parameter id="CURRENT_LAGGED_INFLOW">
      <dblValue>99753.859</dblValue>
    </parameter>
    <parameter id="DTB">
      <stringValue>SQIN</stringValue>
    </parameter>
    <parameter id="QBNTL">
      <dblValue>0.0</dblValue>
    </parameter>
    <parameter id="METENG">
      <stringValue>ENGL</stringValue>
    </parameter>
    <parameter id="TSIDA">
      <stringValue>TALA2MRG</stringValue>
    </parameter>
    <parameter id="ITB">
      <intValue>6</intValue>
    </parameter>
    <parameter id="ITA">
      <intValue>6</intValue>
    </parameter>
    <parameter id="TLRC">
      <dblValue>0.0</dblValue>
    </parameter>
    <parameter id="TSIDB">
      <stringValue>TALA2RTD</stringValue>
    </parameter>
    <parameter id="LAGQ_PAIRS">
      <table>
        <columnTypes A="double"/>
        <row A="14.0"/>
        <row A="300000.0"/>
        <row A="10.0"/>
        <row A="450000.0"/>
      </table>
    </parameter>
    <parameter id="KQ_PAIRS">
      <table>
        <columnTypes A="double"/>
        <row A="10.0"/>
        <row A="300000.0"/>
        <row A="24.0"/>
        <row A="450000.0"/>
      </table>
    </parameter>
    <parameter id="JLAG">
      <intValue>2</intValue>
    </parameter>
  </group>
</parameters>