<?xml version="1.0" encoding="utf-8"?>
<parameters version="1.5" xsi:schemaLocation="http://www.wldelft.nl/fews/PI pi_modelparameters.xsd" xmlns:xsi="http://www.w3.org/2001/XMLSchema-instance" xmlns="http://www.wldelft.nl/fews/PI">
  <group id="default">
    <parameter id="OPERATION_CONTENTS">
      <stringValue>CHAA2    QINE  6 CHAA2RTD SQIN  6     0     0 ENGL 0.00       0.0
          48.000
          24.000
          10
         107.443           6.000         107.349          12.000 X
         107.255          18.000         107.161          24.000 X
         107.067          30.000         106.973          36.000 X
         106.879          42.000         106.786          48.000 X
           0.000           0.000           0.000           0.000
         107.537         107.916        2589.916
</stringValue>
    </parameter>
    <parameter id="QT_PAIRS">
      <table>
        <columnTypes A="double"/>
        <row A="107.443"/>
        <row A="6.0"/>
        <row A="107.349"/>
        <row A="12.0"/>
        <row A="107.255"/>
        <row A="18.0"/>
        <row A="107.161"/>
        <row A="24.0"/>
        <row A="107.067"/>
        <row A="30.0"/>
        <row A="106.973"/>
        <row A="36.0"/>
        <row A="106.879"/>
        <row A="42.0"/>
        <row A="106.786"/>
        <row A="48.0"/>
        <row A="0.0"/>
        <row A="0.0"/>
        <row A="0.0"/>
        <row A="0.0"/>
      </table>
    </parameter>
    <parameter id="PAIR_QT_LAG_CARRYOVER">
      <intValue>10</intValue>
    </parameter>
    <parameter id="CURRENT_OUTFLOW">
      <dblValue>107.916</dblValue>
    </parameter>
    <parameter id="CURRENT_STORAGE">
      <dblValue>2589.916</dblValue>
    </parameter>
    <parameter id="SETLAG">
      <dblValue>48.0</dblValue>
    </parameter>
    <parameter id="JK">
      <intValue>0</intValue>
    </parameter>
    <parameter id="DTA">
      <stringValue>QINE</stringValue>
    </parameter>
    <parameter id="CURRENT_LAGGED_INFLOW">
      <dblValue>107.537</dblValue>
    </parameter>
    <parameter id="DTB">
      <stringValue>SQIN</stringValue>
    </parameter>
    <parameter id="SETK">
      <dblValue>24.0</dblValue>
    </parameter>
    <parameter id="QBNTL">
      <dblValue>0.0</dblValue>
    </parameter>
    <parameter id="METENG">
      <stringValue>ENGL</stringValue>
    </parameter>
    <parameter id="TSIDA">
      <stringValue>CHAA2</stringValue>
    </parameter>
    <parameter id="ITB">
      <intValue>6</intValue>
    </parameter>
    <parameter id="ITA">
      <intValue>6</intValue>
    </parameter>
    <parameter id="TLRC">
      <dblValue>0.0</dblValue>
    </parameter>
    <parameter id="TSIDB">
      <stringValue>CHAA2RTD</stringValue>
    </parameter>
    <parameter id="LAGQ_PAIRS">
      <table>
        <columnTypes A="double"/>
        <row A="48.0"/>
      </table>
    </parameter>
    <parameter id="KQ_PAIRS">
      <table>
        <columnTypes A="double"/>
        <row A="24.0"/>
      </table>
    </parameter>
    <parameter id="JLAG">
      <intValue>0</intValue>
    </parameter>
  </group>
</parameters>