<?xml version="1.0" encoding="utf-8"?>
<parameters version="1.5" xsi:schemaLocation="http://www.wldelft.nl/fews/PI pi_modelparameters.xsd" xmlns:xsi="http://www.w3.org/2001/XMLSchema-instance" xmlns="http://www.wldelft.nl/fews/PI">
  <group id="default">
    <parameter id="OPERATION_CONTENTS">
      <stringValue>  TYAA2LG  RAIM    6  TYAA2LG  GOUT  TYAA2LGF AFAI
    -4.0  0.01  0.95  0.06  0.30
    34.7    88.6
</stringValue>
    </parameter>
    <parameter id="CG1_PARAMETER">
      <dblValue>-4.0</dblValue>
    </parameter>
    <parameter id="GLACIER_STORAGE">
      <dblValue>34.7</dblValue>
    </parameter>
    <parameter id="ANTECEDENT_FLOW_ID">
      <stringValue>TYAA2LGF</stringValue>
    </parameter>
    <parameter id="INITIAL_AFI_DECAY_PARAMETER">
      <dblValue>88.6</dblValue>
    </parameter>
    <parameter id="TS_OUTPUT_TIME_STEP">
      <intValue>6</intValue>
    </parameter>
    <parameter id="TS_OUTPUT_TYPE">
      <stringValue>GOUT</stringValue>
    </parameter>
    <parameter id="KG2_PARAMETER">
      <dblValue>0.3</dblValue>
    </parameter>
    <parameter id="CG2_PARAMETER">
      <dblValue>0.01</dblValue>
    </parameter>
    <parameter id="TS_ID">
      <stringValue>TYAA2LG</stringValue>
    </parameter>
    <parameter id="KG1_PARAMETER">
      <dblValue>0.06</dblValue>
    </parameter>
    <parameter id="TS_TYPE">
      <stringValue>RAIM</stringValue>
    </parameter>
    <parameter id="ANTECEDENT_FLOW_TYPE">
      <stringValue>AFAI</stringValue>
    </parameter>
    <parameter id="TS_OUTPUT_ID">
      <stringValue>TYAA2LG</stringValue>
    </parameter>
    <parameter id="AFI_DECAY_PARAMETER">
      <dblValue>0.95</dblValue>
    </parameter>
  </group>
</parameters>